mag_id	scaffold_name	bgc_file	leader_seq	core_seq	batch
CM_UNINA_FFOOD__FFOOD_284__bin.11	NODE_721_length_10056_cov_8.0000_ID_32456	NODE_721_length_10056_cov_8.0000_ID_32456.region001.gbk	MTKQNYSKPSIEKIAGFKESTR	GLWTGKFRDVFGGRALFQVVIYY	2025-04-16-batch1
CM_UNINA_FFOOD__FFOOD_283__bin.7	NODE_714_length_12701_cov_19.8203_ID_39475	NODE_714_length_12701_cov_19.8203_ID_39475.region001.gbk	MQVLDLQQLGNAGGVGLE	DSKSFSLICIGSRVGDGNHSSHKKHHKGKKH	2025-04-16-batch1
CM_UNINA_FFOOD__FFOOD_284__bin.9	NODE_286_length_21698_cov_360.0000_ID_10097	NODE_286_length_21698_cov_360.0000_ID_10097.region001.gbk	MQVLDLQQLGNAGGVGLE	DSKSFSLICIGSRVGDGNHSSHKKHHKGKKH	2025-04-16-batch1
CM_UNINA_FFOOD__FFOOD_268__bin.4	NODE_59_length_30801_cov_193.9622_ID_10228	NODE_59_length_30801_cov_193.9622_ID_10228.region001.gbk	MQVLDLQQLGNASGAGLE	DSKSFSLICIGSRVGDGNHSSHKKHHKGKKH	2025-04-16-batch1
AlvarezOrdonezA_xxxx__Q06-22__bin.1	Q06-22_k141_8616	Q06-22_k141_8616.region001.gbk	MLQTERKSYEAPTLQELGAMNDITE;MLMSKISNKKQQTTMDEKQTITYIGYDCQNPAIFQLKEINM LHMDRKPYDAPALQELGAMNEITE	AGGLPNSDTVNGRDGTAFAPGS;NGSQNFADTFQGQDGTAFDIVS	2025-04-16-batch1
CM_UNINA_FFOOD__FFOOD_322__bin.5	NODE_424_length_13246_cov_51.9767_ID_17775	NODE_424_length_13246_cov_51.9767_ID_17775.region001.gbk	MQVLDLQQLGNAGGAGLE	DSKSFSLICIGSRVGDGNHSSHKKHHKGKKH	2025-04-16-batch1
AlvarezOrdonezA_xxxx__Q01-29__bin.4	Q01-29_k141_42479	Q01-29_k141_42479.region001.gbk	MNNVLELQKLELKDHAMAAH;MTLIVDKILAFQSMAGETETHDGAR	PISTSSLFSCTESTISFLNCG;VSTVSVIPPCPGWPSAVTFGNC	2025-04-16-batch1
C-R06.bin.7	C-R06.bin.7_NODE_1112_length_13187_cov_9.88776	C-R06.bin.7_NODE_1112_length_13187_cov_9.88776.region001.gbk	MDLNDDVVSGWLNGSDDVDGCANPAGSLFIYGAAATEAALT GASDTMITGG;MAGEGAPRPMSATVHAA	TNECTTTVSVINHCLCC;SRDPERKKPRRGGVFGYLHRDWRSLGDSNPCFSLERATS	2025-04-16-batch1
C-R06.bin.7	C-R06.bin.7_NODE_22_length_227193_cov_10.1057	C-R06.bin.7_NODE_22_length_227193_cov_10.1057.region001.gbk	MNELIELGVVAGQQNPEDQGMGGELIELGSVVSETK	AHNHGTLWDGVFPTTSP	2025-04-16-batch1
CM_UNINA_FFOOD__FFOOD_314__bin.6	NODE_567_length_9071_cov_62.9168_ID_65524	NODE_567_length_9071_cov_62.9168_ID_65524.region001.gbk	MQVLDLQQLGNAGGAGLE	DSKSFSLICIGSRVGDGNHSSHKKHHKGKKH	2025-04-16-batch1
CM_UNINA_FFOOD__FFOOD_317__bin.7	NODE_245_length_14884_cov_202.9179_ID_15767	NODE_245_length_14884_cov_202.9179_ID_15767.region001.gbk	MQVLDLQQLGNAGGVGLE	DSKSFSLICIGSRVGDGNHSSHKKHHKGKKH	2025-04-16-batch1
CM_UNINA_FFOOD__FFOOD_283__bin.12	NODE_589_length_14765_cov_10.9918_ID_27772	NODE_589_length_14765_cov_10.9918_ID_27772.region001.gbk	MTKQNYSKPSIEKIAGFKESTR	GLWTGKFRDVFGGRALFQVVIYY	2025-04-16-batch1
CM_UNINA_FFOOD__FFOOD_237__bin.4	NODE_226_length_25068_cov_9.9978_ID_155017	NODE_226_length_25068_cov_9.9978_ID_155017.region001.gbk	MMELKLKKAELVNLSHDKKVLPSELTPQ	VAGGVITRACGELTANAYTCPSDRTGSTHRCCQIP	2025-04-16-batch1
CM_UNINA_FFOOD__FFOOD_331__bin.8	NODE_202_length_25096_cov_559.8657_ID_13277	NODE_202_length_25096_cov_559.8657_ID_13277.region001.gbk	MQVLDLQQLGNAGGVGLE	DSKSFSLICIGSRVGDGNHSSHKKHHKGKKH	2025-04-16-batch1
CM_UNINA_FFOOD__FFOOD_285__bin.15	NODE_960_length_6165_cov_11.9745_ID_30812	NODE_960_length_6165_cov_11.9745_ID_30812.region001.gbk	MSSVTYLDELDLLVPAEESQEELAG	SFVCRTFICKM	2025-04-16-batch1
CM_UNINA_FFOOD__FFOOD_226__bin.6	NODE_30_length_96638_cov_34.9958_ID_1298	NODE_30_length_96638_cov_34.9958_ID_1298.region002.gbk	MAVGLLMKAGNVSEELAVLNNEHSLNASLDTICGT	MGSLGCGSFGCGSLSSCC	2025-04-16-batch1
BertuzziAS_2018__ERS2032103__bin.10	ERS2032103_k141_5614	ERS2032103_k141_5614.region001.gbk	MEAVKEKNELFDLDVKVNAKESNDSGAEPR	IASKFLCTPGCAKTGSFNSYCC	2025-04-16-batch1
AlvarezOrdonezA_xxxx__Q07-29__bin.13	Q07-29_k141_243861	Q07-29_k141_243861.region001.gbk	MNFVLNLQAVDAPQESNAPGEPAS;MNFVLDLQAVDAPQEGNAP;MGFILDLQDLPRASSADGGAVA;MSFILNLQGIDADNGRAPAGAE;MAFLLDLQGRSVPADKANGDIE	LSFLSPVGCFSTTSVAVC;GDWLSFVSYFACSLNNVAVR;SISTDSWFLCQSDASNFMCITT;AAYQPSTYSLSTCFSNASWALC;PAGPSTLSPSLCVSGWTLVGC	2025-04-16-batch1
AlvarezOrdonezA_xxxx__Q07-29__bin.13	Q07-29_k141_63497	Q07-29_k141_63497.region001.gbk	MKKEARKVQKKVYERPTLTARGSFSKTTA;MDLIEVLALQDVDVEVE	GGGRFKADAVVGRLIP;FDTEVLPASFDSAGC	2025-04-16-batch1
AlvarezOrdonezA_xxxx__F07-18__bin.6	F07-18_k141_534475	F07-18_k141_534475.region001.gbk	MKTEKKVLDELSLHASAKMGA	RDVESSMNADSTPVLASVAVSMELLPTASVLYSDVAGCFKYSA KHHC	2025-04-16-batch1
CM_UNINA_FFOOD__FFOOD_286__bin.2	NODE_986_length_4163_cov_5.0000_ID_6725	NODE_986_length_4163_cov_5.0000_ID_6725.region001.gbk	MQVLDLQQLGNAGGVGLE	DSKSFSLICIGSRVGDGNHSSHKKHHKGKKH	2025-04-16-batch1
CM_UNINA_FFOOD__FFOOD_229__bin.5	NODE_1933_length_4632_cov_27.9640_ID_104374	NODE_1933_length_4632_cov_27.9640_ID_104374.region001.gbk	MKKTYTSPSLVLLGNAKDLIK	GSHSSRIPENAVGISFYKG	2025-04-16-batch1
CM_UNINA_FFOOD__FFOOD_256__bin.7	NODE_217_length_15409_cov_9.9906_ID_2459	NODE_217_length_15409_cov_9.9906_ID_2459.region001.gbk	MKSTNNQSIAEIVAVNALQEVSMEELDQIIGA;MGLSYLSSNLVRFAVIGA;MGISPTVLLRWQPERSEVSLS;MRTMILLNVQAA	GNGVVLTLTHECNLATWTKKLKCC;ITISYKIEWFSICHDIK;SFDVMADREPLYFIADCYRSYHSESH;SVKGQWVRCP	2025-04-16-batch1
AlvarezOrdonezA_xxxx__Q07-30__bin.8	Q07-30_k141_2064	Q07-30_k141_2064.region001.gbk	MDLIEVLALQDVDVEVE;MKKEARKVQKKVYERPTLTARGSFSKTTA	FDTEVLPASFDSAGC;GGGRFKADAVVGRLIP	2025-04-16-batch1
AlvarezOrdonezA_xxxx__Q07-30__bin.8	Q07-30_k141_47631	Q07-30_k141_47631.region001.gbk	MNFVLNLQAVDAPQESNAPGEPAS;MNFVLDLQAVDAPQEGNAP;MGFILDLQDLPRASSADGGAVA;MSFILNLQGIDADNGRAPAGAE;MAFLLDLQGRSVPADKANGDIE	LSFLSPVGCFSTTSVAVC;GDWLSFVSYFACSLNNVAVR;SISTDSWFLCQSDASNFMCITT;AAYQPSTYSLSTCFSNASWALC;PAGPSTLSPSLCVSGWTLVGC	2025-04-16-batch1
CM_UNINA_FFOOD__FFOOD_381__bin.11	NODE_479_length_10614_cov_24.9725_ID_9005	NODE_479_length_10614_cov_24.9725_ID_9005.region001.gbk	MQVLDLQQLGNAGGVGLE	DSKSFSLICIGSRVGDGNHSSHKKHHKGKKH	2025-04-16-batch2
CM_UNINA_FFOOD__FFOOD_353__bin.17	NODE_404_length_15812_cov_25.9809_ID_1121	NODE_404_length_15812_cov_25.9809_ID_1121.region001.gbk	MQVLDLQQLGNAGGVGLE	DSKSFSLICIGSRVGDGNHSSHKKHHKGKKH	2025-04-16-batch2
DeFilippisF_xxxx__DF_115__bin.22	DF_115_k141_136316	DF_115_k141_136316.region001.gbk	MQVLDLQQLGNAGGVGLE	DSKSFSLICIGSRVGDGNHSSHKKHHKGKKH	2025-04-16-batch2
DeFilippisF_xxxx__DF_115__bin.6	DF_115_k141_30069	DF_115_k141_30069.region001.gbk	MIMILLTVQAA;MKNNNKICQDALESLQELKLEEVDELLGG	SVKGQWVRCP;AGHGVNTISAECRWNSLQAIFSCC	2025-04-16-batch2
CM_UNINA_FFOOD__FFOOD_371__bin.11	NODE_568_length_10666_cov_11.0000_ID_46795	NODE_568_length_10666_cov_11.0000_ID_46795.region001.gbk	MQVLDLQQLGNAGGVGLE	DSKSFSLICIGSRVGDGNHSSHKKHHKGKKH	2025-04-16-batch2
CM_UNINA_FFOOD__FFOOD_355__bin.7	NODE_330_length_10612_cov_14.9840_ID_15759	NODE_330_length_10612_cov_14.9840_ID_15759.region001.gbk	MQVLDLQQLGNAGGVGLE	DSKSFSLICIGSRVGDGNHSSHKKHHKGKKH	2025-04-16-batch2
CM_UNINA_FFOOD__FFOOD_392__bin.1	NODE_105_length_16247_cov_58.9568_ID_2626	NODE_105_length_16247_cov_58.9568_ID_2626.region001.gbk	MQVLDLQQLGNAGGVGLE	DSKSFSLICIGSRVGDGNHSSHKKHHKGKKH	2025-04-16-batch2
CM_UNINA_FFOOD__FFOOD_383__bin.6	NODE_207_length_16311_cov_161.9399_ID_5234	NODE_207_length_16311_cov_161.9399_ID_5234.region001.gbk	MQVLDLQQLGNAGGVGLE	DSKSFSLICIGSRVGDGNHSSHKKHHKGKKH	2025-04-16-batch2
DeFilippisF_xxxx__DF_102__bin.3	DF_102_k141_52745	DF_102_k141_52745.region001.gbk	MENVLDLDVQVKAKNDTSDSA	GDERITSFIGCTPGCGKTGSFNSFCC	2025-04-16-batch2
DeFilippisF_xxxx__DF_117__bin.6	DF_117_k141_27840	DF_117_k141_27840.region001.gbk	MIKYESNKLSSIHGI;MKKIMDNDNLLNVNSDMMEKNMVALIEDEDTNYS;MKNLKNSGLQEDYLKLVDDSKELELISGA	FDCYYQQYVSKILIELNKVEPKKFFTENIKETCRYEIVDKIIE QISNVTTYSLIDFYNYHKKKE;GASTPWISAISTVTTGFASALTISTACTKRCHHY;GWTGVAKSLVSCSLVSITLGNNGWVCTWTAECQSNCR	2025-04-16-batch2
CM_UNINA_FFOOD__FFOOD_387__bin.1	NODE_575_length_9095_cov_57.9237_ID_46518	NODE_575_length_9095_cov_57.9237_ID_46518.region001.gbk	MQVLDLQQLGNAGGAGLE	DSKSFSLICIGSRVGDGNHSSHKKHHKGKKH	2025-04-16-batch2
DeFilippisF_xxxx__DF_16__bin.4	DF_16_k141_16615	DF_16_k141_16615.region001.gbk	MSLLFTWVARDSMMRGS	AKALQIQHICITSIQICYTCY	2025-04-16-batch2
CM_UNINA_FFOOD__FFOOD_405__bin.12	NODE_12_length_64040_cov_8.4797_ID_51339	NODE_12_length_64040_cov_8.4797_ID_51339.region001.gbk	MNELIELGVVAGQQNPEDQGMGGELIELGSVVSETK	AHNHGTLWDGVFPTTSP	2025-04-16-batch2
CM_UNINA_FFOOD__FFOOD_389__bin.6	NODE_93_length_25476_cov_76.9820_ID_25849	NODE_93_length_25476_cov_76.9820_ID_25849.region001.gbk	MQVLDLQQLGNAGGVGLE	DSKSFSLICIGSRVGDGNHSSHKKHHKGKKH	2025-04-16-batch2
CM_UNINA_FFOOD__FFOOD_396__bin.6	NODE_245_length_13876_cov_31.3867_ID_22148	NODE_245_length_13876_cov_31.3867_ID_22148.region001.gbk	MQVLDLQQLGNAGGVGLE	DSKSFSLICIGSRVGDGNHSSHKKHHKGKKH	2025-04-16-batch2
DeFilippisF_xxxx__DF_73__bin.4	DF_73_k141_14724	DF_73_k141_14724.region001.gbk	MQVLDLQQLGNAGGAGLE	DSKSFSLICIGSRVGDGNHSSHKKHHKGKKH	2025-04-16-batch2
FalardeauJ_2023__SRR20811287__bin.7	NODE_11_length_135078_cov_51.9955_ID_5856	NODE_11_length_135078_cov_51.9955_ID_5856.region001.gbk	MKKTYTSPSLVLLGNAKDLIK	GSHSSRIPENAVGISFYKG	2025-04-16-batch3
FontanaF_2023__SRR20746849__bin.2	NODE_121_length_16271_cov_23.9915_ID_2809	NODE_121_length_16271_cov_23.9915_ID_2809.region001.gbk	MQVLDLQQLGNAGGVGLE	DSKSFSLICIGSRVGDGNHSSHKKHHKGKKH	2025-04-16-batch3
FalardeauJ_2023__SRR20811284__bin.4	NODE_12_length_135119_cov_91.9919_ID_2708	NODE_12_length_135119_cov_91.9919_ID_2708.region001.gbk	MKKTYTSPSLVLLGNAKDLIK	GSHSSRIPENAVGISFYKG	2025-04-16-batch3
EBC_088.5	EBC_088.5_EBC_088_scaffold_3559	EBC_088.5_EBC_088_scaffold_3559.region001.gbk	MRKLEAAQVKSYGAFLTVTL	SKKSKPGDGKFGRGKKG	2025-04-16-batch3
EBC_088.5	EBC_088.5_EBC_088_scaffold_5360	EBC_088.5_EBC_088_scaffold_5360.region001.gbk	MKNKDFVSKVSEEELKSLAGG	NDEITPQSTVVCVSLRVCKWSIKYCPSFKRKCWM	2025-04-16-batch3
FalardeauJ_2023__SRR20811285__bin.1	NODE_95_length_12181_cov_54.0000_ID_681	NODE_95_length_12181_cov_54.0000_ID_681.region001.gbk	MKKTYTSPSLVLLGNAKDLIK	GSHSSRIPENAVGISFYKG	2025-04-16-batch3
GCF_007833675.1_ASM783367v1_genomic	GCF_007833675.1_ASM783367v1_genomic_NZ_CP031708.1	GCF_007833675.1_ASM783367v1_genomic_NZ_CP031708.1.region002.gbk	MKKQLKTKLTLNKETVAKLNEEQMELVAGGQAAGANATVVI DIGLDTD;MKKQLKTKLALNKETVAKLNEEQMELVAGGQ;MKKQLKTKLALNKETVAKLNEEQMELVAGGQ	TGKCGGSTGPSCPIHSKTCPPTSTCCCAI;AAAAGSTVVIDIPILSAAEAEGGSCGKQSIIASKTCPVTSTCG CSCK;AAAEGSTVVIDIPILSAAEAEGGSCGKQSIIASKTCPATSTCK CSC	2025-04-16-batch3
FontanaF_2023__SRR20746925__bin.9	NODE_2_length_162036_cov_309.7058_ID_3155	NODE_2_length_162036_cov_309.7058_ID_3155.region001.gbk	MMNATENQIFVETVSDQELEMLIGG	ADRGWIKTLTKDCPNVISSICAGTIITACKNCA	2025-04-16-batch3
GCF_001702155.1_ASM170215v1_genomic	GCF_001702155.1_ASM170215v1_genomic_NZ_CP014912.1	GCF_001702155.1_ASM170215v1_genomic_NZ_CP014912.1.region001.gbk	MQNKILDLQKFETRSKVGHK	KSLVSIACGNGSTVSLFACPGHPAK	2025-04-16-batch3
FontanaF_2023__SRR20746823__bin.1	NODE_145_length_18224_cov_44.0000_ID_2213	NODE_145_length_18224_cov_44.0000_ID_2213.region001.gbk	MQVLDLQQLGNAGGVGLE	DSKSFSLICIGSRVGDGNHSSHKKHHKGKKH	2025-04-16-batch3
DeFilippisF_xxxx__DS_97__bin.17	DS_97_k141_87290	DS_97_k141_87290.region001.gbk	MRVLLLRGLLWGLTKIVWQILGRAVNYS;MPLNLQGQYYA;MMKTTLRLMVAG;MNKIINLSKDIAFS;MFEHRKLDFENLQDLALAGS;MDTFNLVKSNVIEDSAYGTSELRQYITA	QPKGNVCS;DMTVLSIRNILCFFI;TICIAQLTIKVQHRNFLYENNEIIWPLIMFLKATVKKGLCPPK LFGNRSVLGNAQSN;QQALKTCTRPQVRWLALKLFMQ;TDAYIEKAEVTPDSNPVTISMVSVYLSPTVSISVTAAASCFHK PKKHKKHRK;KGGSYTIPPKENIKNKWHCGYHTYCERHLIENFFNVIKKLSSN INSL	2025-04-16-batch3
FalardeauJ_2023__SRR20811286__bin.1	NODE_12_length_135119_cov_25.9978_ID_2343	NODE_12_length_135119_cov_25.9978_ID_2343.region001.gbk	MKKTYTSPSLVLLGNAKDLIK	GSHSSRIPENAVGISFYKG	2025-04-16-batch3
EBC_097.14	EBC_097.14_EBC_097_scaffold_3527	EBC_097.14_EBC_097_scaffold_3527.region001.gbk	MKKAVIVENK	GCATCSIGAACLVDGPIPDFEIAGATGLFGLWG	2025-04-16-batch3
FontanaF_2023__SRR20746869__bin.4	NODE_343_length_12866_cov_6.0000_ID_32863	NODE_343_length_12866_cov_6.0000_ID_32863.region001.gbk	MQVLDLQQLGNVSGAGLKD	SKSVSFICIGKITGDGNHSSHKKHHKGKKH	2025-04-16-batch3
FontanaF_2023__SRR20746915__bin.2	NODE_632_length_10002_cov_20.9753_ID_13279	NODE_632_length_10002_cov_20.9753_ID_13279.region001.gbk	MQVLDLQQLGNAGGAGLE	DSKSFSLICIGSRVGDGNHSSHKKHHKGKKH	2025-04-16-batch3
FontanaF_2023__SRR20746916__bin.4	NODE_821_length_4631_cov_11.9853_ID_35804	NODE_821_length_4631_cov_11.9853_ID_35804.region001.gbk	MQVLDLQQLGNAGGVGLE	DSKSFSLICIGSRVGDGNHSSHKKHHKGKKH	2025-04-16-batch3
FontanaF_2023__SRR20746832__bin.11	NODE_342_length_15121_cov_13.9948_ID_55015	NODE_342_length_15121_cov_13.9948_ID_55015.region001.gbk	MQVLDLQQLGNVSGAGLKD	SKSVSFICIGKITGDGNHSSHKKHHKGKKH	2025-04-16-batch3
FontanaF_2023__SRR20746832__bin.11	NODE_407_length_13150_cov_14.9935_ID_34418	NODE_407_length_13150_cov_14.9935_ID_34418.region001.gbk	MSSVTYLDELDLLVPAEESQEELAG	SFVCRTFICKM	2025-04-16-batch3
FontanaF_2023__SRR20746963__bin.8	NODE_179_length_16218_cov_342.7450_ID_18761	NODE_179_length_16218_cov_342.7450_ID_18761.region001.gbk	MQVLDLQQLGNAGGVGLE	DSKSFSLICIGSRVGDGNHSSHKKHHKGKKH	2025-04-16-batch3
FontanaF_2023__SRR20746835__bin.1	NODE_177_length_9777_cov_21.9848_ID_3589	NODE_177_length_9777_cov_21.9848_ID_3589.region001.gbk	MQVLDLQQLGNAGGVGLE	DSKSFSLICIGSRVGDGNHSSHKKHHKGKKH	2025-04-16-batch3
FontanaF_2023__SRR20746841__bin.2	NODE_252_length_14156_cov_38.9675_ID_16543	NODE_252_length_14156_cov_38.9675_ID_16543.region001.gbk	MQVLDLQQLGNAGGVGLE	DSKSFSLICIGSRVGDGNHSSHKKHHKGKKH	2025-04-16-batch3
MAG_131	MAG_131_130	MAG_131_130.region001.gbk	MSLKEKCEEESVQRA;MAINFLSNSLYS;MRLAGVPMKEMMQKLNIKNTRTCRLGLDSIKLG;MKKDMVKKASGFIEEDELISLANGDNATGG;MKKTKILKTPELKVTKDLNLIDPCGDVLEEIKEHEVSGA	FGKTHWRIMPKAWVSIGLLDHHFPNKKGNAC;FNTSFGCRK;IYIRTAC;ATPATVVLTATIGLTGTTFTVTLSAASCPTSACTKQCNK;FNTWNTTTTSLGGILVSEVLGNKGKVCTGTKECQGTC	2025-04-16-batch4
LeechJ_xxxx__AF80__bin.2	AF80_k141_10724	AF80_k141_10724.region001.gbk	MWGSEIHSLGSFLRSLIYHSKLLARSVMLFFS	FPEYLKNTNTNIISKKIINCCVLKARTHFWAVSA	2025-04-16-batch4
LeechJ_xxxx__AF48__bin.8	AF48_k141_3724	AF48_k141_3724.region001.gbk	MKKAVIVENK	GCATCSIGAACLVDGPIPDFEIAGATGLFGLWG	2025-04-16-batch4
LeechJ_xxxx__AF56__bin.2	AF56_k141_7966	AF56_k141_7966.region001.gbk	MKKAVIVENK	GCATCSIGAACLVDGPIPDFEIAGATGLFGLWG	2025-04-16-batch4
MAG_33	MAG_33_165	MAG_33_165.region001.gbk	MEKKMEMELYVEELEEEQNYSSLMF;MEEDKKHGQLELYAEELPEITEFTTTQGTSTMSTESSALSA SCP	NCVASGTTYSCFSCPAGCASSATSLSSATS;TSTGSTYTTMSSFS	2025-04-16-batch4
MAG_22	MAG_22_0	MAG_22_0.region001.gbk	MNNVLELQKLELKDHAMAAH;MTLIVDKILAFQSMAGETETHDGAR	PISTSSLFSCTESTISFLNCG;VSTVSVIPPCPGWPSAVTFGNC	2025-04-16-batch4
LeechJ_xxxx__AF80__bin.3	AF80_k141_2123	AF80_k141_2123.region001.gbk	MKKAVIVENK	GCATCSIGAACLVDGPIPDFEIAGATGLFGLWG	2025-04-16-batch4
LeechJ_xxxx__AF80__bin.3	AF80_k141_4897	AF80_k141_4897.region001.gbk	MSKFDDFDLDVVKVSKQDSKITPQ	WKSESLCTPGCVTGVLQTCFLQTITCNCKISK	2025-04-16-batch4
LeechJ_xxxx__AF58__bin.4	AF58_k141_27576	AF58_k141_27576.region002.gbk	MRLKRRCSKSWIWALFRVLLHSLNAS;MKNKDFVSKVSEEELKSLAGG	TITLNKLKKEDVSMTCLEHFI;NDEITPQSTVVCVSLRVCKWSIKYCPSFKRKCWM	2025-04-16-batch4
LeechJ_xxxx__AF58__bin.4	AF58_k141_5780	AF58_k141_5780.region002.gbk	MRKLEAAQVKSYGAFLTVTL	SKKSKPGDGKFGRGKKG	2025-04-16-batch4
KumarJ_2019__SRS4562502__bin.4	SRS4562502_k141_23195	SRS4562502_k141_23195.region001.gbk	MKKAVIVENK	GCATCSIGAACLVDGPIPDFEIAGATGLFGLWG	2025-04-16-batch4
LeechJ_2020__ERS3967702__bin.2	ERS3967702_k141_14272	ERS3967702_k141_14272.region001.gbk	MKKKLTLKKERIKELSAPQ	MSNVAGGKTAKSSNNGFTCCWCLGDVIVNPDEPASASGGCTSE PSRCYC	2025-04-16-batch4
LeechJ_2020__ERS3967716__bin.15	ERS3967716_k141_33000	ERS3967716_k141_33000.region001.gbk	MERDYHDSRNDVIDLAVASEVTN	GSGDQAIDVPQGQPLAG	2025-04-16-batch4
KumarJ_2019__SRS4562500__bin.15	SRS4562500_k141_10496	SRS4562500_k141_10496.region001.gbk	MAKFDDFDLDIVVKKQDTTVQPN	VTSKSLCTPGCITGILMCLTQNSCVSCNSCIKC	2025-04-16-batch4
KumarJ_2019__SRS4562502__bin.5	SRS4562502_k141_185	SRS4562502_k141_185.region001.gbk	MRKLESAQVKSYGSFLTVTL;MHDFRKIKEKRAGKLSFSTL	SKKSKPGDGKFGRGVKRG;CMIFFPRPRYHFSAGAF	2025-04-16-batch4
LeechJ_xxxx__AF48__bin.7	AF48_k141_13307	AF48_k141_13307.region001.gbk	MTKQEKAAIYRDVNKHSELGLESPVGEVNEEELKNLAGA;MSNREKAELYRNASKRTELGFVNPVGEVSEDELRNLAGA	KNVNQEEPLSSFIPGPGTCLTAAICPTTGMCNIY;ADVTPHTTPSSLPCGVFVTAAFCPSTKCTSSC	2025-04-16-batch4
LeechJ_xxxx__AF57__bin.6	AF57_k141_11407	AF57_k141_11407.region001.gbk	MKKAVIVENK	GCATCSIGAACLVDGPIPDFEIAGATGLFGLWG	2025-04-16-batch4
KastmanEK_2016__CSB870__bin.2	CSB870_k119_12972	CSB870_k119_12972.region001.gbk	MAKVYEAPALVELGNFRQDTG;MIKNYETPAITDLGEFSEVTG	ELFGPHTEAVLLFWDFSDEG;FGLGGAIELFWAIADFG	2025-04-16-batch4
LeechJ_xxxx__AF83__bin.8	AF83_k141_30484	AF83_k141_30484.region001.gbk	MKKAVIVENK	GCATCSIGAACLVDGPIPDFEIAGATGLFGLWG	2025-04-16-batch4
LeechJ_xxxx__AF83__bin.8	AF83_k141_33786	AF83_k141_33786.region001.gbk	MSKFDDFDLDVVKVSKQDSKITPQ	WKSESLCTPGCVTGVLQTCFLQTITCNCKISK	2025-04-16-batch4
GonzalezOrozcoB_2023__SRR19505782__bin.12	NODE_26_length_150742_cov_58.0000_ID_14158	NODE_26_length_150742_cov_58.0000_ID_14158.region001.gbk	MNELIELGVVAGQQNPEDQGVGGELIELGSVVSETK	AHNHGTLWDGVFPTTSP	2025-04-16-batch4
MAG_139	MAG_139_28	MAG_139_28.region001.gbk	MSKFDDFDLDVVKVSKQDSKITPQ	WKSESLCTPGCVTGVLQTCFLQTITCNCKISK	2025-04-16-batch4
MAG_139	MAG_139_32	MAG_139_32.region001.gbk	MHDFRKIKEKRAGKLSFSTL;MRKLESAQVKSYGSFLTVTL	CMMFFPRPRYHFSAGAF;SKKSKPGDGKFGRGVKRG	2025-04-16-batch4
MAG_139	MAG_139_32	MAG_139_32.region002.gbk	MKTMKNSAAREAFKGANHPAGMVSEEELKALVGG;MSKKEMILSWKNPMYRTESSYHPAGNILKELQEEEQHSIAG G;MLNDEMFHVNFG;MDSKYAGS	NDVNPETTPATTSSWTCITAGVTVSASLCPTTKCTSRC;TITLSTCAILSKPLGNNGYLCTVTKECMPSCN;AFFSCCFSAC;LHKIVVTLKMEVQRCKVFIRFAGNLDIF	2025-04-16-batch4
LeechJ_xxxx__AF24__bin.9	AF24_k141_13897	AF24_k141_13897.region001.gbk	MKKAVIVENK	GCATCSIGAACLVDGPIPDFEIAGATGLFGLWG	2025-04-16-batch4
LeechJ_xxxx__AF10__bin.11	AF10_k141_4138	AF10_k141_4138.region001.gbk	MKKAVIVENK	GCATCSIGAACLVDGPIPDFEIAGATGLFGLWG	2025-04-16-batch4
LeechJ_xxxx__AF46__bin.3	AF46_k141_12458	AF46_k141_12458.region001.gbk	MTFLELKTYNFN;MSEISTNKIVGEPFEELTIAEMVQVQGS;MSEISTNKIVGEPFEELTIAEMVQVQGS	MFILSDRKLQVQVSHPRTCQTASCY;GDVQVETTPACLYSVYVTANVSSVWCAGATVGAVISIVKC;GDVQVETTPACAFTASILVSYGVVKTIKGHC	2025-04-16-batch4
LeechJ_xxxx__AF09__bin.10	AF09_k141_10823	AF09_k141_10823.region001.gbk	MDSKYAGS;MLNDEMFHVNFG;MSKKEMILSWKNPMYRTESSYHPAGNILKELQEEEQHSIAG G;MKTMKNSAAREAFKGANHPAGMVSEEELKALVGG	LHKIVVTLKMEVQRCKVFIRFAGNLDIF;AFFSCCFSAC;TITLSTCAILSKPLGNNGYLCTVTKECMPSCN;NDVNPETTPATTSSWTCITAGVTVSASLCPTTKCTSRC	2025-04-16-batch4
LeechJ_xxxx__AF09__bin.3	AF09_k141_13590	AF09_k141_13590.region001.gbk	MRKLEAAKVKSYGAFLSVTL	SKKSKPGDGKFGRGRKG	2025-04-16-batch4
LeechJ_xxxx__AF09__bin.3	AF09_k141_6495	AF09_k141_6495.region001.gbk	MKKAVIVENK	GCATCSIGAACLVDGPIPDFEIAGATGLFGLWG	2025-04-16-batch4
MAG_20	MAG_20_16	MAG_20_16.region001.gbk	MVKTYARPMLRKVGTFKKDTG	FAGYFKNDAVGPWRLWRK	2025-04-16-batch4
MAG_20	MAG_20_190	MAG_20_190.region001.gbk	MTRNTVAASRTEARPSEANRSDGFDLDISLVDLADQ	AGLVNLTDDNCGSTCGACTTNVA	2025-04-16-batch4
MAG_20	MAG_20_195	MAG_20_195.region001.gbk	MADILELQDLAPYAEDSNDAE	ILGLSTVSINCNNTVVEA	2025-04-16-batch4
MAG_20	MAG_20_243	MAG_20_243.region001.gbk	MEHITKASAYQAPIVLDAGDVVEVTL	GTNNFDTADDTQYKNA	2025-04-16-batch4
KastmanEK_2016__CSB694__bin.5	CSB694_k119_11170	CSB694_k119_11170.region001.gbk	MNEVLELQKMEDSESLEME;MQNILDLQKISLENNSDDTR	KKSVSITVFLSTISNRC;DFSPSISTISVIGLSTVSNDC	2025-04-16-batch4
LeechJ_xxxx__AF58__bin.6	AF58_k141_12705	AF58_k141_12705.region001.gbk	MKKAVIVENK	GCATCSIGAACLVDGPIPDFEIAGATGLFGLWG	2025-04-16-batch4
LeechJ_xxxx__AF47__bin.3	AF47_k141_11216	AF47_k141_11216.region001.gbk	MKKAVIVENK	GCATCSIGAACLVDGPIPDFEIAGATGLFGLWG	2025-04-16-batch4
LeechJ_xxxx__AF59__bin.8	AF59_k141_12706	AF59_k141_12706.region001.gbk	MPARSRPMIGG;MQPSAFMLADLRAS	GRSNAGAQVCQHESRWLHKSDRDLC;IRPAATDHRSRPCGQLLGIECSSKEVSKLIRRTEYFCIKSVFH LPVVKYF	2025-04-16-batch4
MASTER_WP4_CSIC_2__P2588__bin.45	P2588_k141_182387	P2588_k141_182387.region001.gbk	MSANDLFDLDITFRPSKGEQASPD	TITTTRTLVTRVTCRSCTCISCISQCPVSCW	2025-04-16-batch5
MAG_62	MAG_62_0	MAG_62_0.region001.gbk	METEKYLQVVEDEEIEQLVGG;MEKARSKLNNATIEGG	VGPGWIETLTKDCPGYKPYACITIAGQTICKRCR;IETLKDENECLRMEIDYLKKLKALLQKEKKLQNKTKWKF	2025-04-16-batch5
MAG_62	MAG_62_107	MAG_62_107.region001.gbk	MSKGYKFTKEELVEAWKDPQVREKLKDLPKHPSGKALNELS EEELAEIQGA;MNELSEEELAEIQGA	SDVKPETTPLCVGVIIGITASIKICK;SDVQPETTPLCVGVIIGLTTSIKICK	2025-04-16-batch5
MAG_62	MAG_62_195	MAG_62_195.region001.gbk	MDKELFDLDINKKMETPTEMTAQ;MNKELFDLDINKKMETPTEMTAQTV	TWTTIVKVSKAVCKTGTCICTTSCSNCK;PTTIFVSRSVCKTLTCICTISCSNCK	2025-04-16-batch5
MAG_62	MAG_62_200	MAG_62_200.region001.gbk	METPVVQPRD;METPVVQPRD	WTCWSCLVCAACSVELLNLVTAATGASTAS;WTCWSCLVCAACSVELLNLVTAATGASTAS	2025-04-16-batch5
MAG_62	MAG_62_50	MAG_62_50.region001.gbk	MKEQKELKELKNEEFELDVEFLDLDEVSAIPETTA	SSGTSSCSASSTCGSSSCCGSC	2025-04-16-batch5
MAG_490	MAG_490_8	MAG_490_8.region001.gbk	MKEKLVFEEPKLIKEGNLEELTG	GMAGRVPDGMHGGRGF	2025-04-16-batch5
MAG_645	MAG_645_15	MAG_645_15.region001.gbk	MAKVYEAPALVELGNFRQDTG;MIKNYETPAITDLGEFSEVTG	ELFGPHTEAVLLFWDFSDEG;FGLGGAIELFWAIADFG	2025-04-16-batch5
MAG_512	MAG_512_120	MAG_512_120.region001.gbk	MHDFRKIKEKRAGKLSFSTL;MRKLESAQVKSYGSFLTVTL	CMMFFPRPRYHFSAGAF;SKKSKPGDGKFGRGVKRG	2025-04-16-batch5
MAG_512	MAG_512_280	MAG_512_280.region001.gbk	MSKKEMILSWKNPMYRTESSYHPAGNILKELQEEEQHSIAG G;MKTMKNSAAREAFKGANHPAGMVSEEELKALVGG	TITLSTCAILSKPLGNNGYLCTVTKECMPSCN;NDVNPETTPATTSSWTCITAGVTVSASLCPTTKCTSRC	2025-04-16-batch5
MAG_584	MAG_584_276	MAG_584_276.region001.gbk	MHDFRKIKEKRAGKLSFSTL;MRKLESAQVKSYGSFLTVTL	CMMFFPRPRYHFSAGAF;SKKSKPGDGKFGRGVKRG	2025-04-16-batch5
MAG_584	MAG_584_371	MAG_584_371.region001.gbk	MKTMKNSAAREAFKGANHPAGMVSEEELKALVGG;MSKKEMILSWKNPMYRTESSYHPAGNILKELQEEEQHSIAG G	NDVNPETTPATTSSWTCITAGVTVSASLCPTTKCTSRC;TITLSTCAILSKPLGNNGYLCTVTKECMPSCN	2025-04-16-batch5
MAG_550	MAG_550_249	MAG_550_249.region001.gbk	MLENNETNTQTLDLNDALFDLDVTENEVSVVKDEDDPDSR	FKSWSLCTFGCGHTGSFNSFCC	2025-04-16-batch5
MASTER_WP4_CSIC_2__P2584__bin.41	P2584_k141_40502	P2584_k141_40502.region001.gbk	MNEILELQKLEDAEEMDMGKGK;MEEILQLQKLENEPIEDMNAS	SWSITLLGGSTLSVQC;PVTIPIIKTVVGATYTLYGASTASVDC	2025-04-16-batch5
MASTER_WP4_CSIC_2__P2517__bin.17	P2517_k141_51368	P2517_k141_51368.region001.gbk	MFTTYETPVIELVGDFRHDTG;MDKTYEAPALVELGDFRAVTG	EFIGPYDEQILPLEDHSK;AGIGTAAEGWWPLADRAS	2025-04-16-batch5
MASTER_WP4_CSIC_1__P2177_73322__bin.4	P2177_73322_k141_12076	P2177_73322_k141_12076.region001.gbk	MEQGVMVSNK	GCSACAVGAACLADGPIPDFEVAGITGTFGMAS	2025-04-16-batch5
MASTER_WP4_CSIC_2__P2588__bin.28	P2588_k141_127511	P2588_k141_127511.region001.gbk	MIKNYETPAITDLGEFSEVTG;MAKVYEAPALVELGNFRQDTG	FGLGGAIELFWAIADFG;ELFGPHTEAVLLFWDFSDEG	2025-04-16-batch5
MAG_592	MAG_592_91	MAG_592_91.region001.gbk	MKKAVIVENK	GCATCSIGAACLVDGPIPDFEIAGATGLFGLWG	2025-04-16-batch5
MASTER_WP4_CSIC_2__P2570__bin.17	P2570_k141_69828	P2570_k141_69828.region001.gbk	MDQYSRGGNMSFVIELQSLQSDQNDAGRTVT;MSYILDLQSADLDANSDSR;MFILDLQSLDNEGRGAE;MNYVLNLQDSDTESDSIR	SSTSLFLCGSTASVSLC;MPSTWSLVGCVSSTSVVVC;RFPSTNSWVFCASTWSTVGC;GLSNTSNWTCYSTHSISFC	2025-04-16-batch5
MAG_637	MAG_637_12	MAG_637_12.region001.gbk	MKTYEAPVIKEIGEFRTHTG;MKKYEAPTITELGTFQAETG	ELPFLPYIEQILPFRDRSNEG;HWIGGQVEFGIPVFDYS	2025-04-16-batch5
MAG_444	MAG_444_230	MAG_444_230.region001.gbk	MTKQNYSKPSIEKIAGFKESTR	GLWTGKFRDVFGGRALFQVVIYY	2025-04-16-batch5
MASTER_WP4_CSIC_2__P2591__bin.19	P2591_k141_9664	P2591_k141_9664.region001.gbk	MIKNYETPAITDLGEFSEVTG;MAKVYEAPALVELGNFRQDTG	FGLGGAIELFWAIADFG;ELFGPHTEAVLLFWDFSDEG	2025-04-16-batch5
MASTER_WP4_CSIC_2__P2586__bin.9	P2586_k141_49359	P2586_k141_49359.region001.gbk	MIKNYETPAITDLGEFSEVTG;MAKVYEAPALVELGNFRQDTG	FGLGGAIELFWAIADFG;ELFGPHTEAVLLFWDFSDEG	2025-04-16-batch5
MAG_608	MAG_608_2	MAG_608_2.region001.gbk	MAKFDDFDLDIVVKKQDTTVQPN	VTSKSLCTPGCITGILMCLTQNSCVSCNSCIKC	2025-04-16-batch5
MAG_97	MAG_97_3	MAG_97_3.region001.gbk	MEKAFDLDLEVVHTKAKDVQPD	FTSVSFCTPGCGETGSFNSFCC	2025-04-16-batch5
MASTER_WP4_FFoQSI_1__KM-2D__bin.28	KM-2D_k141_34911	KM-2D_k141_34911.region001.gbk	MNNTFTSLRHELEQLESETFE	VLDFADSPEEMLSGTTSTSSTSTCSSCTSCTSTASSCA	2025-04-18-batch6
MASTER_WP4_FFoQSI_1__KM-2D__bin.28	KM-2D_k141_89589	KM-2D_k141_89589.region001.gbk	MQNQTTPVEVAEPEAVSSVVVEVGDAVGLTE	GTSSRSGSEDKRYKYQ	2025-04-18-batch6
MASTER_WP4_CSIC_2__P2621__bin.41	P2621_k141_196867	P2621_k141_196867.region001.gbk	MENLSVVPSFEELSVEEMEAIQGS;MLNKENQENYYSNKLELVGPSFEELSLEEMEAIQGS	GDVQAETTPVCAVAATAAASSAACGWVGGGIFTGVTVVVSLKH C;GDVQAETTPACFTIGLGVGALFSAKFC	2025-04-18-batch6
MASTER_WP4_CSIC_2__P2618__bin.17	P2618_k141_140453	P2618_k141_140453.region001.gbk	MTIQNKILKLQALTEERSMTGLP;MSTQKNNVLALQSLRNAKEDDSSKQSN	IKSSNASMQFCIGDGKSSQTSIAFCYNK;ISIACKKKSSISAFSCVFQ	2025-04-18-batch6
MASTER_WP4_CSIC_2__P2630__bin.24	P2630_k141_109564	P2630_k141_109564.region001.gbk	MEKVLDLDVQVKGNNNTNDSAGDE;MENVLDLDVQVKAKNDTSDSA	RITSHFLCSFGCGKTGSFNSFCC;GDERITSFIGCTPGCGKTGSFNSFCC	2025-04-18-batch6
MASTER_WP4_FFoQSI_1__KM-1D__bin.27	KM-1D_k141_61683	KM-1D_k141_61683.region001.gbk	MATYEAPTLTEVGSVRDLTL	GGWNLFSEWDEIRKWKDGGPLGEFS	2025-04-18-batch6
MASTER_WP4_FFoQSI_1__VB-09-M7__bin.43	VB-09-M7_k141_121002	VB-09-M7_k141_121002.region001.gbk	MKLRANEVSVREIDGEMVLLDLRTSKYLSANRVGTILLQLL DEDRSLDELADALVTEFDVPHETA	LADVTVFVDELRTRGLLETTG	2025-04-18-batch6
MASTER_WP4_FFoQSI_1__KM-4G__bin.24	KM-4G_k141_109778	KM-4G_k141_109778.region001.gbk	MVLELQKLDLDNNVS	PMSSSNSNNCGDIIIITD	2025-04-18-batch6
MASTER_WP4_CSIC_2__P2629__bin.6	P2629_k141_77414	P2629_k141_77414.region001.gbk	MENVLDLDVQVKAKNDTSDSA;MEKVLDLDVQVKGNNNTNDSAGDE	GDERITSFIGCTPGCGKTGSFNSFCC;RITSHFLCSFGCGKTGSFNSFCC	2025-04-18-batch6
MASTER_WP4_FFoQSI_1__KM-1D__bin.12	KM-1D_k141_32486	KM-1D_k141_32486.region001.gbk	MQNQTTPVEVAEPEAVSSVVVEVGDAVGLTE	GTSSRSGSEDKRYKYQ	2025-04-18-batch6
MASTER_WP4_FFoQSI_1__VB-15-M10__bin.46	VB-15-M10_k141_7613	VB-15-M10_k141_7613.region001.gbk	MKLRANEVSVREIDGEMVLLDLRTSKYLSANRVGTILLQLL DEDRSLDELADALVTEFDVPHETA;MGTYEAPTLTEVGSVREMTL	LADVTVFVDELRTRGLLETTG;GGVNLQDWSDEIRLWRLTVPLPGEFS	2025-04-18-batch6
MASTER_WP4_FFoQSI_1__VB-06-BG__bin.22	VB-06-BG_k141_44863	VB-06-BG_k141_44863.region001.gbk	MAKVYEAPALVELGNFRQDTG	ELFGPHTEAVLLFWDFSDEG	2025-04-18-batch6
MASTER_WP4_FFoQSI_1__VB-09-M8__bin.43	VB-09-M8_k141_186795	VB-09-M8_k141_186795.region001.gbk	MKLRANEVSVREIDGEMVLLDLRTSKYLSANRVGTILLQLL DEDRSLDELADALVTEFDVPHETA	LADVTVFVDELRTRGLLETTG	2025-04-18-batch6
MASTER_WP4_FFoQSI_1__VB-15-BD__bin.54	VB-15-BD_k141_107600	VB-15-BD_k141_107600.region001.gbk	MTSATLAPSVSQTGLDDDFAPLDVQIVIAEHAYGK	LMCSTGDGCGSTCATNSSACNSFVEDPA	2025-04-18-batch6
MASTER_WP4_FFoQSI_1__VB-15-BD__bin.54	VB-15-BD_k141_699	VB-15-BD_k141_699.region001.gbk	MADILELQDLAPYAEDSNDAE	ILGLSTVSINCNNTVVEA	2025-04-18-batch6
MASTER_WP4_FFoQSI_1__VB-05-AD__bin.20	VB-05-AD_k141_80544	VB-05-AD_k141_80544.region001.gbk	MKLRANEVSVREIDGEMVLLDLRTSKYLSANRVGTILLQLL DEDRSLDELADALVTEFDVPHETA;MGTYEAPTLTEVGSVREMTL	LADVTVFVDELRTRGLLETTG;GGVNLQDWSDEIRLWRLTVPLPGEFS	2025-04-18-batch6
MASTER_WP4_FFoQSI_1__VB-14D__bin.58	VB-14D_k141_131885	VB-14D_k141_131885.region001.gbk	MKLRANEVSVREIDGEMVLLDLRTSKYLSANRVGTILLQLL DEDRSLDELADALVTEFDVPHETA	LADVTVFVDELRTRGLLETTG	2025-04-18-batch6
MASTER_WP4_FFoQSI_1__KM-2D__bin.42	KM-2D_k141_67030	KM-2D_k141_67030.region001.gbk	MKLRANEVSVREIDGEMVLLDLRTSKYLSANRVGTILLQLL DEDRSLDELADALVTEFDVPHETA	LADVTVFVDELRTRGLLETTG	2025-04-18-batch6
MASTER_WP4_FFoQSI_1__VB-05-AD__bin.2	VB-05-AD_k141_91207	VB-05-AD_k141_91207.region001.gbk	MAKVYEAPALVELGNFRQDTG	ELFGPHTEAVLLFWDFSDEG	2025-04-18-batch6
MASTER_WP4_FFoQSI_1__KM-2D__bin.36	KM-2D_k141_53344	KM-2D_k141_53344.region001.gbk	MATYEAPTLTEVGSVRDLTL	GGWNLFSEWDEIRKWKDGGPLGEFS	2025-04-18-batch6
MASTER_WP4_CSIC_2__P2619__bin.40	P2619_k141_76481	P2619_k141_76481.region001.gbk	MQVLDLQQLGNVSGAGLKD	SKSVSFICIGKITGDGNHSSHKKHHKGKKH	2025-04-18-batch6
MASTER_WP4_FFoQSI_1__VB-14-M18__bin.29	VB-14-M18_k141_110816	VB-14-M18_k141_110816.region001.gbk	MKLRANEVSVREIDGEMVLLDLRTSKYLSANRVGTILLQLL DEDRSLDELADALVTEFDVPHETA	LADVTVFVDELRTRGLLETTG	2025-04-18-batch6
MASTER_WP4_FFoQSI_1__VB-03-M5__bin.18	VB-03-M5_k141_99604	VB-03-M5_k141_99604.region001.gbk	MKLRANEVSVREIDGEMVLLDLRTSKYLSANRVGTILLQLL DEDRSLDELADALVTEFDVPHETA	LADVTVFVDELRTRGLLETTG	2025-04-18-batch6
MASTER_WP4_CSIC_2__P2619__bin.54	P2619_k141_106860	P2619_k141_106860.region001.gbk	MKEQNSFNLLQEVTESELDLILGA	KGGSGVIHTISHECNMNSWQFVFTCCS	2025-04-18-batch6
MASTER_WP4_FFoQSI_1__KM-2G__bin.27	KM-2G_k141_142443	KM-2G_k141_142443.region001.gbk	MKLRANEVSVREIDGEMVLLDLRTSKYLSANRVGTILLQLL DEDRSLDELADALVTEFDVPHETA;MGTYEAPTLTEVGSVREMTL	LADVTVFVDELRTRGLLETTG;GGVNLQDWSDEIRLWRLTVPLPGEFS	2025-04-18-batch6
MASTER_WP4_FFoQSI_1__VB-08-BD__bin.33	VB-08-BD_k141_10981	VB-08-BD_k141_10981.region001.gbk	MKLRANEVSVREIDGEMVLLDLRTSKYLSANRVGTILLQLL DEDRSLDELADALVTEFDVPHETA;MGTYEAPTLTEVGSVREMTL	LADVTVFVDELRTRGLLETTG;GGVNLQDWSDEIRLWRLTVPLPGEFS	2025-04-18-batch6
MASTER_WP4_CSIC_2__P2631__bin.14	P2631_k141_54561	P2631_k141_54561.region001.gbk	MKSTNNQSIAEIAAVNALQEVSMEELDQIIGA;MGLSYLSSNLVRFAVIGA;MGISPTVLLRWQPERSEVSLS;MRTMILLNVQAA;MSLQERWQAVGG;MAKNKVLNITEIEDGVKKYLQIIVGM	GNGVVLTLTHECNLATWTKKLKCC;ITISYKIEWFSICHDIK;SFDVMADREPLYFIADCYRSYHSESH;SVKGQWVRCP;LFEHVYASVFLVCLIFE;ISSLNFWRCMTFLKHQ	2025-04-18-batch6
MASTER_WP4_FFoQSI_1__VB-08-M3__bin.7	VB-08-M3_k141_115961	VB-08-M3_k141_115961.region001.gbk	MKLRANEVSVREIDGEMVLLDLRTSKYLSANRVGTILLQLL DEDRSLDELADALVTEFDVPHETA	LADVTVFVDELRTRGLLETTG	2025-04-18-batch6
MASTER_WP4_FFoQSI_1__KM-1D__bin.35	KM-1D_k141_114814	KM-1D_k141_114814.region001.gbk	MKLRANEVSVREIDGEMVLLDLRTSKYLSANRVGTILLQLL DEDRSLDELADALVTEFDVPHETA	LADVTVFVDELRTRGLLETTG	2025-04-18-batch6
MASTER_WP4_FFoQSI_1__VB-03-M6__bin.43	VB-03-M6_k141_58244	VB-03-M6_k141_58244.region001.gbk	MKLRANEVSVREIDGEMVLLDLRTSKYLSANRVGTILLQLL DEDRSLDELADALVTEFDVPHETA	LADVTVFVDELRTRGLLETTG	2025-04-18-batch6
MASTER_WP4_FFoQSI_1__RC17-F-AR__bin.34	RC17-F-AR_k141_116615	RC17-F-AR_k141_116615.region001.gbk	MEQVLELQKLDLDNNVS	PMSSSNSNNCGDIIIITD	2025-04-18-batch6
MASTER_WP4_FFoQSI_1__VB-08-AG__bin.35	VB-08-AG_k141_93494	VB-08-AG_k141_93494.region001.gbk	MKLRANEVSVREIDGEMVLLDLRTSKYLSANRVGTILLQLL DEDRSLDELADALVTEFDVPHETA	LADVTVFVDELRTRGLLETTG	2025-04-18-batch6
MASTER_WP4_FFoQSI_1__KM-4D__bin.14	KM-4D_k141_26241	KM-4D_k141_26241.region001.gbk	MEQVLELQKLDLDNNVS	PMSSSNSNNCGDIIIITD	2025-04-18-batch6
MASTER_WP4_FFoQSI_1__VB-08-BD__bin.39	VB-08-BD_k141_137940	VB-08-BD_k141_137940.region001.gbk	MRAPTIDQTDATQKNSEASVEVDSPDVFELDITFIENTPA	SDSILLCSTGDNCGSSCPSACTTS	2025-04-18-batch6
MASTER_WP4_FFoQSI_1__VB-08-BD__bin.39	VB-08-BD_k141_176433	VB-08-BD_k141_176433.region002.gbk	MSEFDLDPTLQQQQPGEAEPN	VTSVSLCTPGCVTGPLHCTTNGCNVTNGCSVSK	2025-04-18-batch6
MASTER_WP4_FFoQSI_1__VB-08-BD__bin.39	VB-08-BD_k141_186499	VB-08-BD_k141_186499.region001.gbk	MKVATLDVVETEHSFTPVVERDVFDLDVRIHQTPELDSGLW SM	TNDGCGKTCQSACTNSCTKRTV	2025-04-18-batch6
MASTER_WP4_FFoQSI_1__VB-05-BG__bin.20	VB-05-BG_k141_118975	VB-05-BG_k141_118975.region001.gbk	MKLRANEVSVREIDGEMVLLDLRTSKYLSANRVGTILLQLL DEDRSLDELADALVTEFDVPHETA;MGTYEAPTLTEVGSVREMTL	LADVTVFVDELRTRGLLETTG;GGVNLQDWSDEIRLWRLTVPLPGEFS	2025-04-18-batch6
MASTER_WP4_FFoQSI_1__VB-14D__bin.31	VB-14D_k141_98943	VB-14D_k141_98943.region001.gbk	MQEFESKPQDTEQVIVLGDASDLTL	GEGSARNENKRSPYN	2025-04-18-batch6
MASTER_WP4_FFoQSI_1__KM-2G__bin.28	KM-2G_k141_21131	KM-2G_k141_21131.region001.gbk	MEQVLELQKLDLDNNVS	PMSSSNSNNCGDIIIITD	2025-04-18-batch6
MASTER_WP4_FFoQSI_1__VB-15-BD__bin.23	VB-15-BD_k141_764	VB-15-BD_k141_764.region001.gbk	MKLRANEVSVREIDGEMVLLDLRTSKYLSANRVGTILLQLL DEDRSLDELADALVTEFDVPHETA	LADVTVFVDELRTRGLLETTG	2025-04-18-batch6
MASTER_WP4_FFoQSI_1__VB-08-BD__bin.2	VB-08-BD_k141_143549	VB-08-BD_k141_143549.region001.gbk	MNNTFTSLRHELEQLESETFE	VLDFADSPEEMLSGTTSTSSTSTCSSCTSCTSTASSCA	2025-04-18-batch6
MASTER_WP4_FFoQSI_1__VB-05-BD__bin.26	VB-05-BD_k141_83420	VB-05-BD_k141_83420.region001.gbk	MKLRANEVSVREIDGEMVLLDLRTSKYLSANRVGTILLQLL DEDRSLDELADALVTEFDVPHETA	LADVTVFVDELRTRGLLETTG	2025-04-18-batch6
MASTER_WP4_FFoQSI_2__VB01-30__bin.24	VB01-30_k141_69817	VB01-30_k141_69817.region001.gbk	MKLRANEVSVREIDGEMVLLDLRTSKYLSANRVGTILLQLL DEDRSLDELADALVTEFDVPHETA	LADVTVFVDELRTRGLLETTG	2025-04-18-batch7
MASTER_WP4_FFoQSI_2__VB16-30__bin.24	VB16-30_k141_5844	VB16-30_k141_5844.region001.gbk	MKLRANEVSVREIDGEMVLLDLRTSKYLSANRVGTILLQLL DEDRSLDELADALVTEFDVPHETA	LADVTVFVDELRTRGLLETTG	2025-04-18-batch7
MASTER_WP4_FFoQSI_2__VB16-22__bin.6	VB16-22_k141_19293	VB16-22_k141_19293.region001.gbk	MQVLDLQQLGNAGGAGLE	DSKSFSLICIGSRVGDGNHSSHKKHHKGKKH	2025-04-18-batch7
MASTER_WP4_FFoQSI_2__VB03-30__bin.3	VB03-30_k141_8906	VB03-30_k141_8906.region001.gbk	MKLRANEVSVREIDGEMVLLDLRTSKYLSANRVGTILLQLL DEDRSLDELADALVTEFDVPHETA	LADVTVFVDELRTRGLLETTG	2025-04-18-batch7
MASTER_WP4_FFoQSI_2__VB05-30__bin.15	VB05-30_k141_60465	VB05-30_k141_60465.region001.gbk	MKLRANEVSVREIDGEMVLLDLRTSKYLSANRVGTILLQLL DEDRSLDELADALVTEFDVPHETA	LADVTVFVDELRTRGLLETTG	2025-04-18-batch7
MASTER_WP4_FFoQSI_2__VB15-29__bin.21	VB15-29_k141_20768	VB15-29_k141_20768.region001.gbk	MKLRANEVSVREIDGEMVLLDLRTSKYLSANRVGTILLQLL DEDRSLDELADALVTEFDVPHETA	LADVTVFVDELRTRGLLETTG	2025-04-18-batch7
MASTER_WP4_FFoQSI_3__VB07-22__bin.24	VB07-22_k141_48334	VB07-22_k141_48334.region001.gbk	MQVLDLQQLGNAGGAGLE	DSKSFSLICIGSRVGDGNHSSHKKHHKGKKH	2025-04-18-batch7
MASTER_WP4_FFoQSI_3__VB07-29__bin.26	VB07-29_k141_27495	VB07-29_k141_27495.region001.gbk	MKLRANEVSVREIDGEMVLLDLRTSKYLSANRVGTILLQLL DEDRSLDELADALVTEFDVPHETA	LADVTVFVDELRTRGLLETTG	2025-04-18-batch7
MASTER_WP4_FFoQSI_2__VB11-21__bin.1	VB11-21_k141_330172	VB11-21_k141_330172.region001.gbk	MQVLDLQQLGNAGGAGLE	DSKSFSLICIGSRVGDGNHSSHKKHHKGKKH	2025-04-18-batch7
MASTER_WP4_FFoQSI_2__VB05-30__bin.35	VB05-30_k141_47331	VB05-30_k141_47331.region001.gbk	MAKVYEAPALVELGNFRQDTG	ELFGPHTEAVLLFWDFSDEG	2025-04-18-batch7
MASTER_WP4_FFoQSI_2__VB06-21__bin.14	VB06-21_k141_1588082	VB06-21_k141_1588082.region001.gbk	MQVLDLQQLGNAGGAGLE	DSKSFSLICIGSRVGDGNHSSHKKHHKGKKH	2025-04-18-batch7
MASTER_WP4_FFoQSI_2__VB08-30__bin.51	VB08-30_k141_87811	VB08-30_k141_87811.region001.gbk	MKLRANEVSVREIDGEMVLLDLRTSKYLSANRVGTILLQLL DEDRSLDELADALVTEFDVPHETA	LADVTVFVDELRTRGLLETTG	2025-04-18-batch7
MASTER_WP4_FFoQSI_3__VB13-23__bin.2	VB13-23_k141_4609	VB13-23_k141_4609.region001.gbk	MQVLDLQQLGNAGGAGLE	DSKSFSLICIGSRVGDGNHSSHKKHHKGKKH	2025-04-18-batch7
MASTER_WP4_FFoQSI_2__VB01-23__bin.1	VB01-23_k141_1234	VB01-23_k141_1234.region001.gbk	MQVLDLQQLGNAGGAGLE	DSKSFSLICIGSRVGDGNHSSHKKHHKGKKH	2025-04-18-batch7
MASTER_WP4_FFoQSI_2__VB10-23__bin.7	VB10-23_k141_2149	VB10-23_k141_2149.region001.gbk	MQVLDLQQLGNAGGAGLE	DSKSFSLICIGSRVGDGNHSSHKKHHKGKKH	2025-04-18-batch7
MASTER_WP4_FFoQSI_2__VB03-23__bin.2	VB03-23_k141_14234	VB03-23_k141_14234.region001.gbk	MQVLDLQQLGNAGGAGLE	DSKSFSLICIGSRVGDGNHSSHKKHHKGKKH	2025-04-18-batch7
MASTER_WP4_FFoQSI_2__VB10-28__bin.6	VB10-28_k141_2646	VB10-28_k141_2646.region001.gbk	MQVLDLQQLGNAGGAGLE	DSKSFSLICIGSRVGDGNHSSHKKHHKGKKH	2025-04-18-batch7
MASTER_WP4_FFoQSI_2__VB04-28__bin.7	VB04-28_k141_5482	VB04-28_k141_5482.region001.gbk	MQVLDLQQLGNAGGAGLE	DSKSFSLICIGSRVGDGNHSSHKKHHKGKKH	2025-04-18-batch7
MASTER_WP4_FFoQSI_3__VB08-29__bin.35	VB08-29_k141_13108	VB08-29_k141_13108.region001.gbk	MKLRANEVSVREIDGEMVLLDLRTSKYLSANRVGTILLQLL DEDRSLDELADALVTEFDVPHETA	LADVTVFVDELRTRGLLETTG	2025-04-18-batch7
MASTER_WP4_FFoQSI_2__VB08-30__bin.45	VB08-30_k141_22827	VB08-30_k141_22827.region001.gbk	MNNTFTSLRHELEQLESETFE	VLDFADSPEEMLSGTTSTSSTSTCSSCTSCTSTASSCA	2025-04-18-batch7
MASTER_WP4_FFoQSI_2__VB08-30__bin.45	VB08-30_k141_97350	VB08-30_k141_97350.region001.gbk	MQNQTTPVEVAEPEAVSSVVVEVGDAVGLTE	GTSSRSGSEDKRYKYQ	2025-04-18-batch7
MASTER_WP4_FFoQSI_2__VB01-28__bin.1	VB01-28_k141_56	VB01-28_k141_56.region001.gbk	MQVLDLQQLGNAGGAGLE	DSKSFSLICIGSRVGDGNHSSHKKHHKGKKH	2025-04-18-batch7
MASTER_WP4_FFoQSI_2__VB05-25__bin.13	VB05-25_k141_45494	VB05-25_k141_45494.region001.gbk	MNIIRAWKDPEYRMRHSGDMESHPSGLVELPETELANVGGG ;MVKLALAQRLCGRLSCNFGG;MVGSAVISEALRLPGA;MAKTEVPAECHGA;MALGPWQVAPDTLGGG;MLTIQQLTLTAGA;MRQNTAGA	ATELAVTFGCCGGFFGDTGWICIPTANGYETYGCLV;VKTSRSVFLLDTCRKLSEQKPRDIPPEPLF;SSCWTLAVSYLSKSPVTFRRNLCFSHITILVTIPTL;FAQITYGKCPAGRRSWKS;YYMQPPYLADSMLTSLQNSEHKLSCPWVIPSAVIKVL;KEKSLAPAVFCLIIM;NDFSLAPAVKVSC	2025-04-18-batch7
MASTER_WP4_FFoQSI_2__VB11-22__bin.9	VB11-22_k141_23073	VB11-22_k141_23073.region001.gbk	MQVLDLQQLGNAGGAGLE	DSKSFSLICIGSRVGDGNHSSHKKHHKGKKH	2025-04-18-batch7
MASTER_WP4_FFoQSI_2__VB05-28__bin.3	VB05-28_k141_1735	VB05-28_k141_1735.region001.gbk	MQVLDLQQLGNAGGAGLE	DSKSFSLICIGSRVGDGNHSSHKKHHKGKKH	2025-04-18-batch7
MASTER_WP4_FFoQSI_3__VB13-29__bin.48	VB13-29_k141_64585	VB13-29_k141_64585.region001.gbk	MAKVYEAPALVELGNFRQDTG	ELFGPHTEAVLLFWDFSDEG	2025-04-18-batch7
MASTER_WP4_FFoQSI_2__VB08-21__bin.5	VB08-21_k141_874757	VB08-21_k141_874757.region001.gbk	MQVLDLQQLGNAGGAGLE	DSKSFSLICIGSRVGDGNHSSHKKHHKGKKH	2025-04-18-batch7
MASTER_WP4_FFoQSI_3__VB09-27__bin.1	VB09-27_k141_3569	VB09-27_k141_3569.region001.gbk	MQVLDLQQLGNAGGAGLE	DSKSFSLICIGSRVGDGNHSSHKKHHKGKKH	2025-04-18-batch7
MASTER_WP4_FFoQSI_2__VB03-29__bin.18	VB03-29_k141_57678	VB03-29_k141_57678.region001.gbk	MNNTFTSLRHELEQLESETFE	VLDFADSPEEMLSGTTSTSSTSTCSSCTSCTSTASSCA	2025-04-18-batch7
MASTER_WP4_FFoQSI_1__VB14-F-AR__bin.20	VB14-F-AR_k141_34848	VB14-F-AR_k141_34848.region001.gbk	MKLRANEVSVREIDGEMVLLDLRTSKYLSANRVGTILLQLL DEDRSLDELADALVTEFDVPHETA	LADVTVFVDELRTRGLLETTG	2025-04-18-batch7
MASTER_WP4_FFoQSI_2__VB08-22__bin.4	VB08-22_k141_23778	VB08-22_k141_23778.region001.gbk	MQVLDLQQLGNAGGVGLE	DSKSFSLICIGSRVGDGNHSSHKKHHKGKKH	2025-04-18-batch7
MASTER_WP4_FFoQSI_1__VB-15-M9__bin.40	VB-15-M9_k141_27388	VB-15-M9_k141_27388.region001.gbk	MKLRANEVSVREIDGEMVLLDLRTSKYLSANRVGTILLQLL DEDRSLDELADALVTEFDVPHETA;MGTYEAPTLTEVGSVREMTL	LADVTVFVDELRTRGLLETTG;GGVNLQDWSDEIRLWRLTVPLPGEFS	2025-04-18-batch7
MASTER_WP4_FFoQSI_1__VB-16-AG__bin.44	VB-16-AG_k141_10688	VB-16-AG_k141_10688.region001.gbk	MKLRANEVSVREIDGEMVLLDLRTSKYLSANRVGTILLQLL DEDRSLDELADALVTEFDVPHETA;MGTYEAPTLTEVGSVREMTL	LADVTVFVDELRTRGLLETTG;GGVNLQDWSDEIRLWRLTVPLPGEFS	2025-04-18-batch7
MASTER_WP4_FFoQSI_1__VB14-F-BR__bin.8	VB14-F-BR_k141_77059	VB14-F-BR_k141_77059.region001.gbk	MKLRANEVSVREIDGEMVLLDLRTSKYLSANRVGTILLQLL DEDRSLDELADALVTEFDVPHETA;MGTYEAPTLTEVGSVREMTL	LADVTVFVDELRTRGLLETTG;GGVNLQDWSDEIRLWRLTVPLPGEFS	2025-04-18-batch7
MASTER_WP4_FFoQSI_2__VB04-27__bin.8	VB04-27_k141_3103	VB04-27_k141_3103.region001.gbk	MQVLDLQQLGNAGGAGLE	DSKSFSLICIGSRVGDGNHSSHKKHHKGKKH	2025-04-18-batch7
MASTER_WP4_FFoQSI_1__VB-16-BD__bin.13	VB-16-BD_k141_150170	VB-16-BD_k141_150170.region001.gbk	MTRNTVAASRTEARPSEANRSDGFDLDISLVDLADQ	AGLVNLTDDNCGSTCGACTTNVA	2025-04-18-batch7
MASTER_WP4_FFoQSI_1__VB-16-BD__bin.13	VB-16-BD_k141_33666	VB-16-BD_k141_33666.region001.gbk	MADILELQDLAPYAEDSNDAE	ILGLSTVSINCNNTVVEA	2025-04-18-batch7
MASTER_WP4_FFoQSI_1__VB-16-BD__bin.13	VB-16-BD_k141_7829	VB-16-BD_k141_7829.region001.gbk	MTSATLAPSVSQTGLDDDFAPLDVQIVIAEHAYGK	LMCSTGDGCGSTCATNSSACNSFVEDPA	2025-04-18-batch7
MASTER_WP4_FFoQSI_1__VB-16-M16__bin.2	VB-16-M16_k141_39753	VB-16-M16_k141_39753.region001.gbk	MEQVLELQKLDLDNNVS	PMSSSNSNNCGDIIIITG	2025-04-18-batch7
MASTER_WP4_FFoQSI_2__VB01-29__bin.17	VB01-29_k141_9530	VB01-29_k141_9530.region001.gbk	MKLRANEVSVREIDGEMVLLDLRTSKYLSANRVGTILLQLL DEDRSLDELADALVTEFDVPHETA	LADVTVFVDELRTRGLLETTG	2025-04-18-batch7
MASTER_WP4_FFoQSI_3__VB09-23__bin.6	VB09-23_k141_59326	VB09-23_k141_59326.region001.gbk	MQVLDLQQLGNAGGAGLE	DSKSFSLICIGSRVGDGNHSSHKKHHKGKKH	2025-04-18-batch7
MASTER_WP4_FFoQSI_3__VB01-21__bin.2	VB01-21_k141_358961	VB01-21_k141_358961.region001.gbk	MQVLDLQQLGNAGGAGLE	DSKSFSLICIGSRVGDGNHSSHKKHHKGKKH	2025-04-18-batch7
MASTER_WP4_FFoQSI_2__VB16-29__bin.13	VB16-29_k141_16157	VB16-29_k141_16157.region001.gbk	MKLRANEVSVREIDGEMVLLDLRTSKYLSANRVGTILLQLL DEDRSLDELADALVTEFDVPHETA	LADVTVFVDELRTRGLLETTG	2025-04-18-batch7
MASTER_WP4_FFoQSI_2__VB03-24__bin.1	VB03-24_k141_28101	VB03-24_k141_28101.region001.gbk	MQVLDLQQLGNAGGAGLE	DSKSFSLICIGSRVGDGNHSSHKKHHKGKKH	2025-04-18-batch7
MASTER_WP4_FFoQSI_1__VB-16-BD__bin.56	VB-16-BD_k141_4087	VB-16-BD_k141_4087.region001.gbk	MKLRANEVSVREIDGEMVLLDLRTSKYLSANRVGTILLQLL DEDRSLDELADALVTEFDVPHETA;MGTYEAPTLTEVGSVREMTL	LADVTVFVDELRTRGLLETTG;GGVNLQDWSDEIRLWRLTVPLPGEFS	2025-04-18-batch7
MASTER_WP4_FFoQSI_3__VB02-30__bin.37	VB02-30_k141_109734	VB02-30_k141_109734.region001.gbk	MEQVLELQKLDLDNNVS	PMSSSNSNNCGDIIIITG	2025-04-18-batch7
MASTER_WP4_FFoQSI_2__VB15-30__bin.43	VB15-30_k141_14650	VB15-30_k141_14650.region001.gbk	MKLRANEVSVREIDGEMVLLDLRTSKYLSANRVGTILLQLL DEDRSLDELADALVTEFDVPHETA	LADVTVFVDELRTRGLLETTG	2025-04-18-batch7
MASTER_WP4_FFoQSI_2__VB05-21__bin.2	VB05-21_k141_53840	VB05-21_k141_53840.region001.gbk	MQVLDLQQLGNAGGAGLE	DSKSFSLICIGSRVGDGNHSSHKKHHKGKKH	2025-04-18-batch7
MASTER_WP4_FFoQSI_2__VB03-29__bin.34	VB03-29_k141_22328	VB03-29_k141_22328.region001.gbk	MKLRANEVSVREIDGEMVLLDLRTSKYLSANRVGTILLQLL DEDRSLDELADALVTEFDVPHETA	LADVTVFVDELRTRGLLETTG	2025-04-18-batch7
MASTER_WP4_FFoQSI_3__VB04-30__bin.10	VB04-30_k141_15173	VB04-30_k141_15173.region001.gbk	MQNQTTPVEVAEPEAVSSVVVEVGDAVGLTE	GTSSRSGSEDKRYKYQ	2025-04-18-batch7
MASTER_WP4_FFoQSI_3__VB04-30__bin.10	VB04-30_k141_69751	VB04-30_k141_69751.region001.gbk	MNNTFTSLRHELEQLESETFE	VLDFADSPEEMLSGTTSTSSTSTCSSCTSCTSTASSCA	2025-04-18-batch7
MASTER_WP4_FFoQSI_3__VB13-27__bin.2	VB13-27_k141_83	VB13-27_k141_83.region001.gbk	MQVLDLQQLGNAGGAGLE	DSKSFSLICIGSRVGDGNHSSHKKHHKGKKH	2025-04-18-batch7
MASTER_WP4_FFoQSI_2__VB15-27__bin.4	VB15-27_k141_9304	VB15-27_k141_9304.region001.gbk	MQVLDLQQLGNAGGAGLE	DSKSFSLICIGSRVGDGNHSSHKKHHKGKKH	2025-04-18-batch7
MASTER_WP4_FFoQSI_3__VB02-21__bin.1	VB02-21_k141_28896	VB02-21_k141_28896.region001.gbk	MQVLDLQQLGNAGGAGLE	DSKSFSLICIGSRVGDGNHSSHKKHHKGKKH	2025-04-18-batch7
MASTER_WP4_FFoQSI_2__VB10-21__bin.2	VB10-21_k141_20294	VB10-21_k141_20294.region001.gbk	MQVLDLQQLGNAGGAGLE	DSKSFSLICIGSRVGDGNHSSHKKHHKGKKH	2025-04-18-batch7
MASTER_WP4_FFoQSI_2__VB10-29__bin.20	VB10-29_k141_95657	VB10-29_k141_95657.region001.gbk	MKDYVDFADM	AFGSTCSSSSSSSCSSTCTSCCTSTSSCAT	2025-04-18-batch7
MASTER_WP4_FFoQSI_3__VB02-30__bin.6	VB02-30_k141_165236	VB02-30_k141_165236.region001.gbk	MKLRANEVSVREIDGEMVLLDLRTSKYLSANRVGTILLQLL DEDRSLDELADALVTEFDVPHETA	LADVTVFVDELRTRGLLETTG	2025-04-18-batch7
MASTER_WP4_FFoQSI_3__VB07-30__bin.31	VB07-30_k141_51770	VB07-30_k141_51770.region001.gbk	MKLRANEVSVREIDGEMVLLDLRTSKYLSANRVGTILLQLL DEDRSLDELADALVTEFDVPHETA;MGTYEAPTLTEVGSVREMTL	LADVTVFVDELRTRGLLETTG;GGVNLQDWSDEIRLWRLTVPLPGEFS	2025-04-18-batch7
MASTER_WP4_UNINA_1__AS111_71775__bin.3	AS111_71775_k141_2570	AS111_71775_k141_2570.region001.gbk	MNNVLELQKLELKDHAMAAH	PISTSSLFSCTESTISFLNCG	2025-04-21-batch8
MASTER_WP4_FFoQSI_3__VB15-29__bin.14	VB15-29_k141_114103	VB15-29_k141_114103.region001.gbk	MKLRANEVSVREIDGEMVLLDLRTSKYLSANRVGTILLQLL DEDRSLDELADALVTEFDVPHETA	LADVTVFVDELRTRGLLETTG	2025-04-21-batch8
MASTER_WP4_UNINA_1__PA012_73417__bin.6	PA012_73417_k141_1641	PA012_73417_k141_1641.region001.gbk	MIDDHLPVAVSCRQKKKKQEEFVNMQVLDLQQLGNAGGAGL E	DSKSFSLICIGSRVGDGNHSSHKKHHKGKKH	2025-04-21-batch8
MASTER_WP4_UNINA_1__GO004_71775__bin.34	GO004_71775_k141_23878	GO004_71775_k141_23878.region001.gbk	MTKQNYSKPSIEKIAGFKESTR	GLWTGKFRDVFGGRALFQVVIYY	2025-04-21-batch8
MASTER_WP4_UNINA_1__PM002_71775__bin.9	PM002_71775_k141_5044	PM002_71775_k141_5044.region001.gbk	MSSVTYLDELDLLVPAEESQEELAG	SFVCRTFICKM	2025-04-21-batch8
MASTER_WP4_TEAGASC_1__TGS04-28__bin.13	TGS04-28_k141_16062	TGS04-28_k141_16062.region001.gbk	MEQVLELQKLDLDNNVS	PMSSSNSNNCGDIIIITG	2025-04-21-batch8
MASTER_WP4_UNINA_1__PM003_71775__bin.2	PM003_71775_k141_50600	PM003_71775_k141_50600.region001.gbk	MKSTNNQSIAEIVAVNALQEVSMEELDQIIGA;MSGCLTLSVRFLKTSLSS	GNGVVLTLTHECNLATWTKKLKCC;CSVFASSGIVVTIPKKSYRQLTKTFQF	2025-04-21-batch8
MASTER_WP4_TEAGASC_1__TGS08-29__bin.37	TGS08-29_k141_15251	TGS08-29_k141_15251.region001.gbk	MSANDLFDLDITFRPSKGEQASPD	TITTTRTLVTRVTCRSCTCISCISQCPVSCW	2025-04-21-batch8
MASTER_WP4_UNINA_1__GO013_71775__bin.13	GO013_71775_k141_139733	GO013_71775_k141_139733.region001.gbk	MTLIVDKILAFQSMAGETETHDGAR;MNNVLELQKLELKDHAMAAH	VSTVSVIPPCPGWPSAVTFGNC;PISTSSLFSCTESTISFLNCG	2025-04-21-batch8
MASTER_WP4_TEAGASC_1__TGS15-30__bin.19	TGS15-30_k141_85750	TGS15-30_k141_85750.region001.gbk	MDAILSLQDLSVAAGNVGD	AGQLEQNAAISSLSFFCL	2025-04-21-batch8
MASTER_WP4_UNINA_1__GR211_71775__bin.12	GR211_71775_k141_27446	GR211_71775_k141_27446.region001.gbk	MQVLDLQQLGNAGGVGLE	DSKSFSLICIGSRVGDGNHSSHKKHHKGKKH	2025-04-21-batch8
MASTER_WP4_TEAGASC_1__TGS15-30__bin.32	TGS15-30_k141_19780	TGS15-30_k141_19780.region001.gbk	MSNYIAPKIEQVGSYRRLTN	GVWFGRLRDIFGGRAFIKVTVG	2025-04-21-batch8
MASTER_WP4_UNINA_1__SC012_71775__bin.18	SC012_71775_k141_935954	SC012_71775_k141_935954.region001.gbk	MEKESYESPELVELGSFESLTQ	GTSYGESLDATFPDGTPRGELTFS	2025-04-21-batch8
MASTER_WP4_TEAGASC_1__TGS04-29__bin.21	TGS04-29_k141_2562	TGS04-29_k141_2562.region001.gbk	MEQVLELQKLDLDNNVS	PMSSSNSNNCGDIIIITG	2025-04-21-batch8
MASTER_WP4_UNINA_1__PM002_71775__bin.20	PM002_71775_k141_49317	PM002_71775_k141_49317.region001.gbk	MATKDFNLDLVEVSKSNNGASTR	ITSHSFCSQACKTYKILGCNLLTHGCRFPR	2025-04-21-batch8
MASTER_WP4_TEAGASC_1__TGS04-30__bin.6	TGS04-30_k141_20104	TGS04-30_k141_20104.region001.gbk	MEQVLELQKLDLDNNVS	PMSSSNSNNCGDIIIITG	2025-04-21-batch8
MASTER_WP4_UNINA_1__PA012_73417__bin.13	PA012_73417_k141_76383	PA012_73417_k141_76383.region001.gbk	MEREEEIMRIDLGAATEQTQ	GPGGIDGDEFLQQDRVGLADD	2025-04-21-batch8
MASTER_WP4_UNINA_1__PA012_73417__bin.13	PA012_73417_k141_86354	PA012_73417_k141_86354.region001.gbk	MEKESYESPELVELGSFESLTQ	GTSYGESLDATFPDGTPRGELTFS	2025-04-21-batch8
MASTER_WP4_UNINA_1__PA001_71775__bin.4	PA001_71775_k141_20858	PA001_71775_k141_20858.region001.gbk	MEREEEIMRIDLGAATEQTQ	GPGGIDGDEFLQQDRVGLADD	2025-04-21-batch8
MASTER_WP4_FFoQSI_3__VB15-29__bin.42	VB15-29_k141_46517	VB15-29_k141_46517.region001.gbk	MATYEAPTLTEVGSVRDLTL	GGWNLFSEWDEIRKWKDGGPLGEFS	2025-04-21-batch8
MASTER_WP4_UNINA_1__TA003_71775__bin.20	TA003_71775_k141_307172	TA003_71775_k141_307172.region001.gbk	MDLFKKNFKPNLEVEDTLKKVSNVDDKQGG;MSKETMLSVATGDYLEKIDSENKKLESVQGG	TTTVPCTVAVSIALCPTLVCSSKCGDRG;KCPWYNLSCVLGNDGKICTYSHECTGGCNT	2025-04-21-batch9
MASTER_WP4_UNINA_2__V-23__bin.12	V-23_k141_21989	V-23_k141_21989.region001.gbk	MQVLDLQQLGNAGGAGLE	DSKSFSLICIGSRVGDGNHSSHKKHHKGKKH	2025-04-21-batch9
MS_bin.1	MS_bin.1_k77_5227	MS_bin.1_k77_5227.region001.gbk	MKDVLELQQLNEGTEVEASKGKGG;MDEQMNEVLELQQLSKGSEVE	LLTLITTIVGSSTISNNC;TAGWTLLTTLIGTSTISNSCNK	2025-04-21-batch9
MagliuloR_2024__SRR28235370__bin.7	NODE_229_length_25068_cov_9.9978_ID_151495	NODE_229_length_25068_cov_9.9978_ID_151495.region001.gbk	MMELKLKKAELVNLSHDKKVLPSELTPQ	VAGGVITRACGELTANAYTCPSDRTGSTHRCCQIP	2025-04-21-batch9
MASTER_WP4_UNINA_2__T-23.1__bin.3	T-23.1_k141_1759	T-23.1_k141_1759.region001.gbk	MQVLDLQQLGNAGGVGLE	DSKSFSLICIGSRVGDGNHSSHKKHHKGKKH	2025-04-21-batch9
MacoriG_2019__CS_R4__bin.6	MacoriG_2019__CS_R4__bin.6_contig-120_657	MacoriG_2019__CS_R4__bin.6_contig-120_657.region001.gbk	MDQVMSDFDLDLRVTPIGAGAEPA	SVTPTRTLRTRVTCKATCPPTCKASCGCTWGLDCASQSPLTCW 	2025-04-21-batch9
MASTER_WP4_UNINA_2__V-24__bin.3	V-24_k141_42400	V-24_k141_42400.region001.gbk	MQVLDLQQLGNAGGAGLE	DSKSFSLICIGSRVGDGNHSSHKKHHKGKKH	2025-04-21-batch9
MASTER_WP4_UNINA_2__T-28__bin.8	T-28_k141_6104	T-28_k141_6104.region001.gbk	MQVLDLQQLGNAGGVGLE	DSKSFSLICIGSRVGDGNHSSHKKHHKGKKH	2025-04-21-batch9
MagliuloR_2024__SRR28235380__bin.4	NODE_220_length_15409_cov_9.9906_ID_1954	NODE_220_length_15409_cov_9.9906_ID_1954.region001.gbk	MKSTNNQSIAEIVAVNALQEVSMEELDQIIGA;MGLSYLSSNLVRFAVIGA;MGISPTVLLRWQPERSEVSLS;MRTMILLNVQAA	GNGVVLTLTHECNLATWTKKLKCC;ITISYKIEWFSICHDIK;SFDVMADREPLYFIADCYRSYHSESH;SVKGQWVRCP	2025-04-21-batch9
MortensenS_xxxx__WK008-2-G-48h-01D2_S8__bin.1	WK008-2-G-48h-01D2_S8_k141_1122	WK008-2-G-48h-01D2_S8_k141_1122.region001.gbk	MGLSQTLEYIKGS;MDSMVNIIILLVILGYSAWVLVRFLRKSRQGA;MTKEEMIQAWKNPKLRVAGEGIEHPAGDALVELSADELSRV HGG	GFHGQYHYFIGDPRLQCMGAGKIFAKKPPRRLCWLFIEQVMPR LCRELSE;CAGCSSSKSCPGCAVSSVNEDTRKTTAAHKG;LGVQPDSTPTITVTVIGVTVLVCFPGHAG	2025-04-21-batch9
MortensenS_xxxx__WK008-2-G-48h-01D2_S8__bin.1	WK008-2-G-48h-01D2_S8_k141_1431	WK008-2-G-48h-01D2_S8_k141_1431.region003.gbk	MSKKEWQEPTIEVLDINQTMA	GKGWKQIDWVSDHDADLYNPS	2025-04-21-batch9
MASTER_WP4_UNINA_1__SR008_71775__bin.21	SR008_71775_k141_30379	SR008_71775_k141_30379.region001.gbk	MEREEEIMRIDLGAATEQTQ	GPGGIDGDEFLQQDRVGLADD	2025-04-21-batch9
MASTER_WP4_UNINA_1__SR008_71775__bin.21	SR008_71775_k141_32488	SR008_71775_k141_32488.region001.gbk	MEKESYESPELVELGSFESLTQ	GTSYGESLDATFPDGTPRGELTFS	2025-04-21-batch9
MacoriG_2019__CS_R28__bin.1	MacoriG_2019__CS_R28__bin.1_contig-120_126	MacoriG_2019__CS_R28__bin.1_contig-120_126.region001.gbk	MVKTYARPMLRKVGTFKKDTG	FAGYFKNDAVGPWRLWRK	2025-04-21-batch9
MacoriG_2019__CS_R28__bin.1	MacoriG_2019__CS_R28__bin.1_contig-120_507	MacoriG_2019__CS_R28__bin.1_contig-120_507.region001.gbk	MTRNTVAASRTEARPSEANRSDGFDLDISLVDLADQ	AGLVNLTDDNCGSTCGACTTNVA	2025-04-21-batch9
MacoriG_2019__CS_R28__bin.1	MacoriG_2019__CS_R28__bin.1_contig-120_512	MacoriG_2019__CS_R28__bin.1_contig-120_512.region001.gbk	MADILELQDLAPYAEDSNDAE	ILGLSTVSINCNNTVVEA	2025-04-21-batch9
MortensenS_xxxx__WK008-2-L-48h-01I5_S56__bin.1	WK008-2-L-48h-01I5_S56_k141_564	WK008-2-L-48h-01I5_S56_k141_564.region001.gbk	MTKEEMIQAWKNPKLRVAGEGIEHPAGDALVELSADELSRV HGG	LGVQPDSTPTITVTVIGVTVLVCFPGHAG	2025-04-21-batch9
MortensenS_xxxx__WK008-2-L-48h-01I5_S56__bin.1	WK008-2-L-48h-01I5_S56_k141_740	WK008-2-L-48h-01I5_S56_k141_740.region001.gbk	MSKKEWQEPTIEVLDINQTMA	GKGWKQIDWVSDHDADLYNPS	2025-04-21-batch9
MASTER_WP4_UNINA_2__T-24.1__bin.10	T-24.1_k141_2756	T-24.1_k141_2756.region001.gbk	MQVLDLQQLGNAGGVGLE	DSKSFSLICIGSRVGDGNHSSHKKHHKGKKH	2025-04-21-batch9
MortensenS_xxxx__WK008-1-L-48h-01I3_S54__bin.3	WK008-1-L-48h-01I3_S54_k141_1858	WK008-1-L-48h-01I3_S54_k141_1858.region003.gbk	MSKKEWQEPTIEVLDINQTMA	GKGWKQIDWVSDHDADLYNPS	2025-04-21-batch9
MortensenS_xxxx__WK008-1-L-48h-01I3_S54__bin.3	WK008-1-L-48h-01I3_S54_k141_973	WK008-1-L-48h-01I3_S54_k141_973.region001.gbk	MGLSQTLEYIKGS;MDSMVNIIILLVILGYSAWVLVRFLRKSRQGA;MTKEEMIQAWKNPKLRVAGEGIEHPAGDALVELSADELSRV HGG	GFHGQYHYFIGDPRLQCMGAGKIFAKKPPRRLCWLFIEQVMPR LCRELSE;CAGCSSSKSCPGCAVSSVNEDTRKTTAAHKG;LGVQPDSTPTITVTVIGVTVLVCFPGHAG	2025-04-21-batch9
MotaGutierrezJ_2021__SRR11602139__bin.21	NODE_688_length_11145_cov_10.0000_ID_35300	NODE_688_length_11145_cov_10.0000_ID_35300.region001.gbk	MKKAVIVENK	GCATCSIGAACLVDGPIPDFEIAGATGLFGLWG	2025-04-22-batch10
MotaGutierrezJ_2021__SRR11602153__bin.15	NODE_363_length_30823_cov_16.0000_ID_8971	NODE_363_length_30823_cov_16.0000_ID_8971.region001.gbk	MRKLESAQVKSYGSFLTVTL;MHDFRKIKEKRAGKLSFSTL	SKKSKPGDGKFGRGVKRG;CMMFFPRPRYHFSAGAF	2025-04-22-batch10
MotaGutierrezJ_2021__SRR11602153__bin.15	NODE_61_length_77794_cov_18.6089_ID_18166	NODE_61_length_77794_cov_18.6089_ID_18166.region001.gbk	MDSKYAGS;MLNDEMFHVNFG;MSKKEMILSWKNPMYRTESSYHPAGNILKELQEEEQHSIAG G;MKTMKNSAAREAFKGANHPAGMVSEEELKALVGG	LHKIVVTLKMEVQRCKVFIRFAGNLDIF;AFFSCCFSAC;TITLSTCAILSKPLGNNGYLCTVTKECMPSCN;NDVNPETTPATTSSWTCITAGVTVSASLCPTTKCTSRC	2025-04-22-batch10
MotaGutierrezJ_2021__SRR11602145__bin.8	NODE_2_length_759095_cov_52.0466_ID_15045	NODE_2_length_759095_cov_52.0466_ID_15045.region001.gbk	MKKAVIVENK	GCATCSIGAACLVDGPIPDFEIAGATGLFGLWG	2025-04-22-batch10
MotaGutierrezJ_2021__SRR11602153__bin.4	NODE_1_length_695767_cov_46.0000_ID_85857	NODE_1_length_695767_cov_46.0000_ID_85857.region001.gbk	MKKAVIVENK	GCATCSIGAACLVDGPIPDFEIAGATGLFGLWG	2025-04-22-batch10
MotaGutierrezJ_2021__SRR11602145__bin.4	NODE_31_length_108392_cov_18.0000_ID_8726	NODE_31_length_108392_cov_18.0000_ID_8726.region001.gbk	MKTMKNSAAREAFKGANHPAGMVSEEELKALVGG;MSKKEMILSWKNPMYRTESSYHPAGNILKELQEEEQHSIAG G;MLNDEMFHVNFG;MDSKYAGS	NDVNPETTPATTSSWTCITAGVTVSASLCPTTKCTSRC;TITLSTCAILSKPLGNNGYLCTVTKECMPSCN;AFFSCCFSAC;LHKIVVTLKMEVQRCKVFIRFAGNLDIF	2025-04-22-batch10
MotaGutierrezJ_2021__SRR11602145__bin.4	NODE_80_length_70904_cov_22.0000_ID_24262	NODE_80_length_70904_cov_22.0000_ID_24262.region001.gbk	MHDFRKIKEKRAGKLSFSTL;MRKLESAQVKSYGSFLTVTL	CMMFFPRPRYHFSAGAF;SKKSKPGDGKFGRGVKRG	2025-04-22-batch10
SulaimanJ_2014__SRS398267__bin.4	SRS398267_k141_21980	SRS398267_k141_21980.region001.gbk	MNEKMYRFAGDLREELEEISLS;MKGGEIWNMKKNFSALYETSEQELKELVGG;MKKEFLALELMTEEELKELAGG;MKKDFQALTPMTEEELKNLAGG;MRIHSIFIRMQGLYA;MNRGARFYIHWSYAAQEVLGG	EFSGGGGAEQRGISQGNDGKLCTLTWECGLCPTHTCWC;QNSVSITTYPITNHICPTITVGCACPQRQV;SEATPMTVTPTTITIPISLAGCPTTKCASIVSPCND;SDATPMTVTPTTITIPISLAGCPTTKCASIVSPCND;QVICPTNATY;QHGENSVMMQKPFLRFKMMTFCRLRFKPAENR	2025-04-22-batch11
MotaGutierrezJ_2021__SRR11602157__bin.7	NODE_224_length_33618_cov_8.0000_ID_284325	NODE_224_length_33618_cov_8.0000_ID_284325.region001.gbk	MKKAVIVENK	GCATCSIGAACLVDGPIPDFEIAGATGLFGLWG	2025-04-22-batch11
SEM_41_S58.19	SEM_41_S58.19_SEM_41_S58_scaffold_18122	SEM_41_S58.19_SEM_41_S58_scaffold_18122.region001.gbk	MDLNDDVVSGWLNGSDDVDGCANPAGSLFIYGA;MPATGRPSLHLTSRPCTHRAALRVPCIRVPAAAQLDAASNA DAVCTGG	AATESALTSASDTLITGGGTECTTTMSVVNHCLCC;STCHPVSLAA	2025-04-22-batch11
MotaGutierrezJ_2021__SRR11602156__bin.20	NODE_1194_length_5362_cov_20.9771_ID_5598	NODE_1194_length_5362_cov_20.9771_ID_5598.region001.gbk	MTESALLDLKIDESAVNAFDAEGY	AKSYSAYSSCSCVNPPCPIATMD	2025-04-22-batch11
WalshL_xxxx__H3_S87__bin.33	H3_S87_k141_34124	H3_S87_k141_34124.region001.gbk	MTKFDDFNLGLKEVKNGSEQDVQPR	WQSKSFCTPGCKTGLLMGCNMKSLTCKCGFHISK	2025-04-22-batch11
SulaimanJ_2014__SRS398269__bin.3	SRS398269_k141_8887	SRS398269_k141_8887.region001.gbk	MCKLCGPKKVIVMETGFGA;MTSGRVNVFFG;MNRGARFYIHWSYAAQEVLGG;MRIHSIFIRMQGLYA;MKKDFQALTPMTEEELKNLAGG;MKKEFLALELMTEEELKELAGG;MKGGEIWNMKKNFSALYETSEQELKELVGG;MNEKMYRFAGDLREELEEISLS	VFHPCPNCKTGTDLTPVIKRLERMVQDAKARLDARV;VNLFECFTETMSP;QHGENSVMMQKPFLRFKMMTFCRLRFKPAENR;QVICPTNATY;SDATPMTVTPTTITIPISLAGCPTTKCASIVSPCND;SEATPMTVTPTTITIPISLAGCPTTKCASIVSPCND;QNSVSITTYPITNHICPTITVGCACPQRQV;EFSGGGGAEQRGISQGNDGKLCTLTWECGLCPTHTCWC	2025-04-22-batch11
TomarS_2023__SRR15925267__bin.13	NODE_10_length_144918_cov_67.6332_ID_99227	NODE_10_length_144918_cov_67.6332_ID_99227.region001.gbk	MALLDLQTMEPEERTGGGDD	SSASLLLCDKHSSHSTLLCL	2025-04-22-batch11
TomarS_2023__SRR15925267__bin.13	NODE_1104_length_11095_cov_71.6925_ID_87700	NODE_1104_length_11095_cov_71.6925_ID_87700.region001.gbk	MESMEHTYEPPALTELGDFEELTQ	CLPSGDCPDFLGCGRAIWCI	2025-04-22-batch11
TomarS_2023__SRR15925267__bin.13	NODE_54_length_66994_cov_52.9946_ID_131693	NODE_54_length_66994_cov_52.9946_ID_131693.region001.gbk	MTTAVLDNLTAPAELPVEDLTDDEFQLDVRVVVTQSPV	YNFNCPTSDGCGQTCANGASACASTIEDAA	2025-04-22-batch11
TomarS_2023__SRR15925267__bin.13	NODE_631_length_17605_cov_61.9791_ID_136921	NODE_631_length_17605_cov_61.9791_ID_136921.region001.gbk	MSVQSEEAVATVPAAAEEQERAVDGWDLDVSIVESGPEAD	RLIQMTDDGCGQTCESACSATCP	2025-04-22-batch11
TomarS_2023__SRR15925267__bin.16	NODE_1448_length_8902_cov_29.9802_ID_208400	NODE_1448_length_8902_cov_29.9802_ID_208400.region001.gbk	MASAAVLTKPITETTTAPAEDPFDVQVEVVTEIDAEQLPQ	ACGTGDGCKSTCASSCTSAV	2025-04-22-batch11
WalshAM_2020__ERS3466774__bin.9	ERS3466774_k141_9334	ERS3466774_k141_9334.region001.gbk	MDQVMSDFDLDLRVTPIGAGAEPA	SVTPTRTLRTRVTCKATCPPTCKASCGCTWGLDCASQSPLTCW 	2025-04-22-batch11
MotaGutierrezJ_2021__SRR11602156__bin.5	NODE_1_length_781620_cov_20.9998_ID_138034	NODE_1_length_781620_cov_20.9998_ID_138034.region003.gbk	MKKAVIVENK	GCATCSIGAACLVDGPIPDFEIAGATGLFGLWG	2025-04-22-batch11
WalshAM_2020__ERS3466746__bin.1	ERS3466746_k141_34254	ERS3466746_k141_34254.region001.gbk	MTKQNYSKPSIEKIAGFKESTR	GLWTGKFRDVFGGRALFQVVIYY	2025-04-22-batch11
TomarS_2023__SRR15925267__bin.15	NODE_16_length_114451_cov_161.0000_ID_138985	NODE_16_length_114451_cov_161.0000_ID_138985.region001.gbk	MDSKYAGS;MLNDEMFHVNFG;MMPTLNGKRLQLRRILNGG;MSKKEMILSWKNPMYRTESSYHPAGNILKELQEEEQHSIAG G;MKTMKNSAAREAFKGANHPAGMVSEEELKALVGG	LHKIVVTLKMEVQRCKVFIRFAGNLDIF;AFFSCCFSAC;HRSSLPFIGIRESIACISELSE;TITLSTCAILSKPLGNNGYLCTVTKECMPSCN;NDVNPETTPATTSSWTCITAGVTVSASLCPTTKCTSRC	2025-04-22-batch11
TomarS_2023__SRR15925267__bin.15	NODE_7_length_159760_cov_165.1122_ID_39062	NODE_7_length_159760_cov_165.1122_ID_39062.region002.gbk	MHDFRKIKEKRAGKLSFSTL;MRKLESAQVKSYGSFLTVTL	CMMFFPRPRYHFSAGAF;SKKSKPGDGKFGRGVKRG	2025-04-22-batch11
SulaimanJ_2014__SRS398265__bin.4	SRS398265_k141_18702	SRS398265_k141_18702.region001.gbk	MNRGARFYIHWSYAAQEVLGG;MRIHSIFIRMQGLYA;MKKDFQALTPMTEEELKNLAGG;MKKEFLALELMTEEELKELAGG;MKGGEIWNMKKNFSALYETSEQELKELVGG;MNEKMYRFAGDLREELEEISLS	QHGENSVMMQKPFLRFKMMTFCRLRFKPAENR;QVICPTNATY;SDATPMTVTPTTITIPISLAGCPTTKCASIVSPCND;SEATPMTVTPTTITIPISLAGCPTTKCASIVSPCND;QNSVSITTYPITNHICPTITVGCACPQRQV;EFSGGGGAEQRGISQGNDGKLCTLTWECGLCPTHTCWC	2025-04-22-batch11
SulaimanJ_2014__SRS398266__bin.3	SRS398266_k141_32219	SRS398266_k141_32219.region001.gbk	MNDVLELQKLEKETDGKGIAV	DATITTTWTVTTTSGFVSSVSNHC	2025-04-22-batch11
SulaimanJ_2014__SRS398266__bin.3	SRS398266_k141_42386	SRS398266_k141_42386.region001.gbk	MKKDFQALTPMTEEELKNLAGG;MKKEFLALELMTEEELKELAGG;MKGGEIWNMKKNFSALYETSEQELKELVGG;MNEKMYRFAGDLREELEEISLS	SDATPMTVTPTTITIPISLAGCPTTKCASIVSPCND;SEATPMTVTPTTITIPISLAGCPTTKCASIVSPCND;QNSVSITTYPITNHICPTITVGCACPQRQV;EFSGGGGAEQRGISQGNDGKLCTLTWECGLCPTHTCWC	2025-04-22-batch11
QuijadaN_2022__ERR7245780__bin.14	NODE_76_length_102930_cov_65.9962_ID_37792	NODE_76_length_102930_cov_65.9962_ID_37792.region001.gbk	MKLRANEVSVREIDGEMVLLDLRTSKYLSANRVGTILLQLL DEDRSLDELADALVTEFDVPHETA;MGTYEAPTLTEVGSVREMTL	LADVTVFVDELRTRGLLETTG;GGVNLQDWSDEIRLWRLTVPLPGEFS	2025-04-22-batch11
SulaimanJ_2014__SRS398268__bin.5	SRS398268_k141_1201	SRS398268_k141_1201.region001.gbk	MKKDFQALTPMTEEELKNLAGG;MKKEFLALELMTEEELKELAGG;MKGGEIWNMKKNFSALYETSEQELKELVGG;MNEKMYRFAGDLREELEEISLS	SDATPMTVTPTTITIPISLAGCPTTKCASIVSPCND;SEATPMTVTPTTITIPISLAGCPTTKCASIVSPCND;QNSVSITTYPITNHICPTITVGCACPQRQV;EFSGGGGAEQRGISQGNDGKLCTLTWECGLCPTHTCWC	2025-04-22-batch11
WalshL_xxxx__D9__bin.1	D9_k141_8117	D9_k141_8117.region001.gbk	MSTKDFNLDLVSVSKKDSGASPR	ITSISLCTPGCKTGALMGCNMKTATCHCSIHVSK	2025-04-22-batch11
TomarS_2023__SRR15925267__bin.7	NODE_677_length_16839_cov_149.8930_ID_24723	NODE_677_length_16839_cov_149.8930_ID_24723.region001.gbk	MLKKENGLDGEIKLELGKFLEQDMLELSDGDEANGG;MENKNKLTQEDVDSNINWMEEVREQDFDDDVFGA	TTPAIRIVSAFVSDHTCPTTACTRDC;CSTNTFSLSDYFGNRGAWCTVTHECMKWCK	2025-04-22-batch11
WalshAM_2020__ERS3466771__bin.2	ERS3466771_k141_19174	ERS3466771_k141_19174.region001.gbk	MVKTYARPMLRKVGTFKKDTG	FAGYFKNDAVGPWRLWRK	2025-04-22-batch11
WalshAM_2020__ERS3466771__bin.2	ERS3466771_k141_35876	ERS3466771_k141_35876.region001.gbk	MTRNTVAASRTEARPSEANRSDGFDLDISLVDLADQ	AGLVNLTDDNCGSTCGACTTNVA	2025-04-22-batch11
WalshAM_2020__ERS3466771__bin.2	ERS3466771_k141_6318	ERS3466771_k141_6318.region001.gbk	MADILELQDLAPYAEDSNDAE	ILGLSTVSINCNNTVVEA	2025-04-22-batch11
SulaimanJ_2014__SRS398261__bin.6	SRS398261_k141_36089	SRS398261_k141_36089.region001.gbk	MNDVLELQKLEKETDGKGIAV	DATITTTWTVTTTSGFVSSVSNHC	2025-04-22-batch11
ZhaoCC_2020__SRS5803194__bin.24	SRS5803194_k141_64540	SRS5803194_k141_64540.region001.gbk	MKNLRNPIKRDKKFIHPSGNAMQELEESDLRMFVAGA	GQPKNSGGVLCTATGECYYGTLLKFCCPK	2025-04-22-batch12
WolfeBE_2014__873_Challerhocker__bin.1	873_Challerhocker_k119_10086	873_Challerhocker_k119_10086.region001.gbk	MAKVYEAPALVELGNFRQDTG	ELFGPHTEAVLLFWDFSDEG	2025-04-22-batch12
ZhaoCC_2020__SRS5803191__bin.24	SRS5803191_k141_106995	SRS5803191_k141_106995.region001.gbk	MDHEFDLDVRVDNTSHQLGDY	QMERQRMSGYICRILITAVTACCPTGNVGGNTCQNCA	2025-04-22-batch12
YuY_2022__SRR16950699__bin.21	NODE_106_length_43960_cov_94.0000_ID_45232	NODE_106_length_43960_cov_94.0000_ID_45232.region001.gbk	MQLIAIIFM;MEKLNINQIVGDTFEDLTISEMVQIQGS;MKDTNINQNKVVGDSFEDLSISEMMKIQGS	MFHKSSSESCRKSNSHSKINYCLHRK;GDITPETTPVCAATVASSVECAGAASAVSGIVLSIFKC;GDITPESTPVCAAFATLASGIALVKTIKGNC	2025-04-22-batch12
YuY_2022__SRR16950699__bin.21	NODE_81_length_53180_cov_109.9877_ID_9002	NODE_81_length_53180_cov_109.9877_ID_9002.region002.gbk	MSTKDFNLDLVSVSKKDSGASPR	ITSISLCTPGCKTGALMGCNMKTATCNCSIHVSK	2025-04-22-batch12
WolfeBE_2014__894_Twig_Tomme__bin.3	894_Twig_Tomme_k119_33022	894_Twig_Tomme_k119_33022.region001.gbk	MKTYEAPVIKEIGEFRTHTG;MKKYEAPTITELGTFQAETG	ELPFLPYIEQILPFRDRSNEG;HWIGGQVEFGIPVFDYS	2025-04-22-batch12
WalshL_xxxx__T3__bin.5	T3_k141_9690	T3_k141_9690.region001.gbk	MKEQNSFNLLQEVTESELDLILGA	KGGSGVIHTISHECNMNSWQFVFTCCS	2025-04-22-batch12
YulandiA_2020__SRS6115053__bin.23	SRS6115053_k141_93130	SRS6115053_k141_93130.region001.gbk	MKNSNKKLTISKKNVQNLSKN	NLLEIKGGKAIDMDDNVGLFTAGCSDGCMSKFMHTHLLNCSKA NCTADCGNC	2025-04-22-batch12
YouL_2022__SRR13308525__bin.7	NODE_334_length_23124_cov_43.9776_ID_24857	NODE_334_length_23124_cov_43.9776_ID_24857.region001.gbk	MSTKDFNLDLVSVSKKDSGASPR	ITSISLCTPGCKTGALMGCNMKTATCNCSIHVSK	2025-04-22-batch12
WalshL_xxxx__T5__bin.5	T5_k141_10438	T5_k141_10438.region001.gbk	MKEQNSFNLLQEVTESELDLILGA	KGGSGVIHTISHECNMNSWQFVFTCCS	2025-04-22-batch12
YuY_2022__SRR16950704__bin.19	NODE_3_length_506089_cov_56.8281_ID_510580	NODE_3_length_506089_cov_56.8281_ID_510580.region001.gbk	MKKAVIVENK	GCATCSIGAACLVDGPIPDFEIAGATGLFGLWG	2025-04-22-batch12
YangC_2021__SRR13259376__bin.16	NODE_6032_length_2947_cov_7.0000_ID_9233	NODE_6032_length_2947_cov_7.0000_ID_9233.region001.gbk	MQTYEAPAIVEAGEFSELTR	GVIGVRHEAVGYFFG	2025-04-22-batch12
YuY_2022__SRR16950700__bin.5	NODE_3_length_282445_cov_49.4803_ID_323	NODE_3_length_282445_cov_49.4803_ID_323.region001.gbk	MKKAVIVENK	GCATCSIGAACLVDGPIPDFEIAGATGLFGLWG	2025-04-22-batch12
YangC_2021__SRR13259379__bin.36	NODE_492_length_31730_cov_29.9761_ID_65344	NODE_492_length_31730_cov_29.9761_ID_65344.region001.gbk	MDLFKKNFKPNLEVEDTLKKVSNVDDKQGG;MSKETMLSVATGDYLEKIDSENKKLESVQGG	TTTVPCTVAVSIALCPTLVCSSKCGDRG;KCPWYNLSCVLGNDGKICTYSHECTGGCNT	2025-04-22-batch12
