mag_id	scaffold_name	bgc_file	leader_seq	core_seq
GCA_000550785.1	CP004350.1	CP004350.1.region001.gbk	MDKILAFQSMAGETETHDGAR;MNNVLELQKLELKDHAMAAH	VSTVSVIPPCPGWPSAVTFGNC;PISTSSLFSCTESTISFLNCG
GCA_000192165.1	GL872382.1	GL872382.1.region001.gbk	MQVLDLQQLGNAGGVGLE	DSKSFSLICIGSRVGDGNHSSHKKHHKGKKH
GCA_000192165.1	GL872382.1	GL872382.1.region002.gbk	MSSVTYLDELDLLVPAEESQEELAG	SFVCRTFICKM
GCA_900459545.1	UHFM01000006.1	UHFM01000006.1.region005.gbk	MAKNKVLNITEIEDGVKKYLQIIVGM;MRFGVVATGKMAGCRRLFEHVYA;MSLPDCVLGLSLQERWQDVGG;MGLSYLSSNLVRYAVIGA;MKNNNKICQDALESLQELKLEEVDELLGG;MEKETTIIESIQEVSLEELDQIIGA;MEKETTIIESIQEVSLEELDQIIGA	ISSLNFWRCMTS;SVFLVCLIFE;FLSTFTHQCS;KIISYKIEWFSICHNHK;AGHGVNTISAECRWNSLQAIFSCC;GKNGVFKTISHECHLNTWAFLATCCS;GKNGVFKTISHECHLNTWAFLATCCS
GCA_000340475.1	CM001792.1	CM001792.1.region007.gbk	MDIIKNSSKRIEINTSFENHPAGEISEEELLAISGG;MKEKVKAWKDPLARDVHTSHPSGDIFSEISDEEMYKLSGG;MPCIAKKVEGRSILYL	QVEQNSLSPLTPSSGSCVAISLAFCPTSACTSDCTEW;SAETQDITLPIDLCWLSRLGGNQGWFCTITKECQVNCNVG;GHWFFCPFSTLIHKEE
GCA_008868375.1	WBML01000022.1	WBML01000022.1.region001.gbk	MNNVLELQKLELKDHAMAAH;MTLIVDKILAFQSMAGETETHDGAR	PISTSSLFSCTESTISFLNCG;VSTVSVIPPCPGWPSAVTFGNC
GCA_002943655.1	MUGP01000012.1	MUGP01000012.1.region001.gbk	MKKLELDPLSLDKETIALLDEKQLQEIIGGQAAAPGTSTGC GS	GGSGCGAGGGSTGCGSGGSTCVSQAEVAIK
GCA_002943655.1	MUGP01000015.1	MUGP01000015.1.region001.gbk	MYSFFYDVNDLAMTFS;MIRIYCIYSKDFSLPYG;MAHQGTFTNLENVKGS	LRSFYPFC;SSGNIYKSGKRKRKRSLQAVFFQLCEQYFL;VHCRRFSSSYVNNTFYNNLILNRESKQINIPHSIYHSVS
GCA_001190005.1	LGHR01000028.1	LGHR01000028.1.region001.gbk	MSSVTYLDELDLLVPAEESQEELAG	SFVCRTFICKM
GCA_002995785.1	PVXO01000005.1	PVXO01000005.1.region001.gbk	MPNFEDFDLDLKKVKTNSDKVSVN	TPTPTISYLVHCNTADCPSTDCSPGDMTIGCYAADKGVCRC
GCA_000709085.1	JFBD01000004.1	JFBD01000004.1.region001.gbk	MPITNPLFPEEKRVTIYS;MFEKIETAWKNPEMRMEGVLESPVGEVSEEELAAAVGG;MVLVTILYM;MRVSHRGLVHACGG	PCPLLSSKHNTWWN;SDVNPQTTWPCVIILTTTICD;LFLSTGENRTIDFRFIECKNSLPNSGREFLLR;ACHYSVYVVFVDWRK
GCA_001544355.1	BCQI01000085.1	BCQI01000085.1.region001.gbk	MFASLQQLEAG;MTNEQIVKAWKDPEFRSTLENVPYHPAGDIAAM;MYCNGLSRSCLVRDNIEYT	QGSFSANTRLVPNIPHFVSSTWIAKCDSKAVVRLAS;NAIHGDVQPETTPTTITVSSEPCGFTIGTVIITLTDGCF;LRTCSF
GCA_014642655.1	BMIR01000002.1	BMIR01000002.1.region001.gbk	MKKEWETPKLEVLHIKMTMA	GPGLRIVDQYQNDPDEPDADHYS
GCA_009659515.1	WJEE01000009.1	WJEE01000009.1.region001.gbk	MSEKMYELAGDLSTELDEISLESINGG;MRKNGLEEVVEQELMDLAGG;MKRNNGLEEVVEQELMDLAGG;MRKRREHRTPSIPLITVFFG;MVFSGTKQNLLGYIKKMSLFFS	SDVDVRGISEGNDGDFCTLTWECGKCPTVTCWNWSC;NDEVQPHTVTPTTVTIPISAWGCPTTSCASIVKPCND;NDEVQPHTVTPTTVTIPISAWGCPTTSCASIVKPCND;NSTGREGTTVCEFNKQGLMLERYKSWEHLMEPESSSIT;PASFHSSPRSITEKRRLSFSNESRLFKIFLTGIMNQMSCDQQV LLYLSR
